"Code","f","fidx","biomass","catch"
"ATF",0.427662047453288,10,163932.538058332,88160.3166012
