"Code","f","fidx","biomass","catch"
"ATF",0.0432931618893108,2,1498942.43112912,65952.6452994
