"Code","f","fidx","biomass","catch"
"ATF",0.0863888258229536,3,1185024.91018462,106075.3930958
