"Code","f","fidx","biomass","catch"
"ATF",0.12939969315684,4,929617.44702378,127255.471335
