"Code","f","fidx","biomass","catch"
"ATF",0.300492882570987,8,342827.066494658,120118.700635
