"Code","f","fidx","biomass","catch"
"ATF",0.215146758612496,6,565242.06288352,134803.4340972
