"Code","f","fidx","biomass","catch"
"ATF",0.257872663116942,7,440029.639618328,128973.8007006
