"Code","f","fidx","biomass","catch"
"ATF",0.172320773447816,5,725621.08299956,135300.2584368
