"Code","f","fidx","biomass","catch"
"ATF",0.343001702238174,9,267564.697893666,109783.4023718
