"Code","f","fidx","biomass","catch"
"ATF",0.636934605395973,12,49871.86164239,44696.516838
