"Code","f","fidx","biomass","catch"
"ATF",0.532753380243046,11,89907.56665289,63869.6228598
