"Code","f","fidx","biomass","catch"
"ATF",0.000117510697982064,1,1876192.81787046,0
