"Code","f","fidx","biomass","catch"
"ATF",0.84212011333677,13,15424.3586183696,20092.5314506
