"Code","f","fidx","biomass","catch"
"COD",0.338075492315757,5,462504.32326,168913.0287766
