"Code","f","fidx","biomass","catch"
"COD",1.29342969764433,12,17043.009192,30899.8414992
