"Code","f","fidx","biomass","catch"
"COD",0.852388712125982,10,66156.634866,71080.7041426
