"Code","f","fidx","biomass","catch"
"COD",0.253324332971128,4,649855.1464,173426.0321516
