"Code","f","fidx","biomass","catch"
"COD",0.0844157872563665,2,1257336.9986,106681.5057374
