"Code","f","fidx","biomass","catch"
"COD",1.75641696118298,13,4855.860776,12970.2344354
