"Code","f","fidx","biomass","catch"
"COD",1.07096470854699,11,32475.240534,46342.237092
