"Code","f","fidx","biomass","catch"
"COD",0.168777340221989,3,908538.114,157710.7513908
