"Code","f","fidx","biomass","catch"
"COD",0.50828226242515,7,234744.29566,135800.2178486
