"Code","f","fidx","biomass","catch"
"COD",0.423052889701764,6,328970.51798,154291.1790622
