"Code","f","fidx","biomass","catch"
"COD",0.67962089404851,9,122249.61236,99622.776516
