"Code","f","fidx","biomass","catch"
"COD",0.593793447558695,8,168628.1226,116992.249198
