"Code","f","fidx","biomass","catch"
"FFD",6.3657328140042e-05,1,212420.675940786,0
