"Code","f","fidx","biomass","catch"
"FFD",0.471494177017392,13,846.721331641025,895.6926114
