"Code","f","fidx","biomass","catch"
"FFD",0.0238936305831233,2,136357.81237458,3768.7728876
