"Code","f","fidx","biomass","catch"
"FFD",0.0477005648050284,3,88407.4812490356,5095.296859
