"Code","f","fidx","biomass","catch"
"FFD",0.296113456789751,11,3510.95426109218,1944.043993
