"Code","f","fidx","biomass","catch"
"FFD",0.0952427292926433,5,39908.9513176862,5050.5285088
