"Code","f","fidx","biomass","catch"
"FFD",0.0714838161299911,4,58616.7513542492,5305.2594764
