"Code","f","fidx","biomass","catch"
"FFD",0.190021487665662,9,10893.5459993726,3298.0510902
