"Code","f","fidx","biomass","catch"
"FFD",0.354785188830033,12,2073.55429903748,1476.046487
