"Code","f","fidx","biomass","catch"
"FFD",0.142684862176015,7,19968.810258471,4161.897504
