"Code","f","fidx","biomass","catch"
"FFD",0.237246937867612,10,6365.40128449301,2598.757188
