"Code","f","fidx","biomass","catch"
"FFD",0.166366713043256,8,14608.0298245578,3711.9118666
