"Code","f","fidx","biomass","catch"
"FFD",0.11897663748101,6,27892.2993810712,4626.3824764
