"Code","f","fidx","biomass","catch"
"FFS",1.02993429717554,13,6506.23610385554,15333.7359784
