"Code","f","fidx","biomass","catch"
"FFS",0.197412676052032,5,190831.295548602,52979.897182
