"Code","f","fidx","biomass","catch"
"FFS",0.000126824097310792,1,463562.340156136,0
