"Code","f","fidx","biomass","catch"
"FFS",0.347545794289106,8,90587.0563280968,48867.3627884
