"Code","f","fidx","biomass","catch"
"FFS",0.0491684357415765,2,378151.988673926,24333.9852156
