"Code","f","fidx","biomass","catch"
"FFS",0.247232543491205,6,149186.024395108,53486.0843458
