"Code","f","fidx","biomass","catch"
"FFS",0.398064495359585,9,70780.1036740582,45325.218095
