"Code","f","fidx","biomass","catch"
"FFS",0.759911483226879,12,15341.2289937359,23618.3314878
