"Code","f","fidx","biomass","catch"
"FFS",0.14780215581046,4,242294.997827276,48998.8491852
