"Code","f","fidx","biomass","catch"
"FFS",0.0983905949983176,3,304469.07684223,40026.1525942
