"Code","f","fidx","biomass","catch"
"FFS",0.628843462865214,11,25261.8399594799,29860.8443174
