"Code","f","fidx","biomass","catch"
"FFS",0.297272876211973,7,116253.597384889,51804.5849494
