"Code","f","fidx","biomass","catch"
"FFS",0.499896052686638,10,43907.408763168,37930.5713304
