"Code","f","fidx","biomass","catch"
"FHS",0.0938539298083105,3,130718.393174656,12418.4320446
