"Code","f","fidx","biomass","catch"
"FHS",0.328141346408297,8,45910.733365384,14678.0158892
