"Code","f","fidx","biomass","catch"
"FHS",0.375009589586138,9,38943.7988874701,14103.8039068
