"Code","f","fidx","biomass","catch"
"FHS",0.187567292815756,5,81894.596571097,15332.0649178
