"Code","f","fidx","biomass","catch"
"FHS",0.70355698355705,12,16204.284986398,10255.9034724
