"Code","f","fidx","biomass","catch"
"FHS",0.281279908939383,7,54852.9707953688,15160.1285696
