"Code","f","fidx","biomass","catch"
"FHS",0.234422671767374,6,66498.802434514,15441.0382064
