"Code","f","fidx","biomass","catch"
"FHS",0.939329212646506,13,10496.711241686,8384.1369304
