"Code","f","fidx","biomass","catch"
"FHS",0.000125656141748382,1,222916.016019912,0
