"Code","f","fidx","biomass","catch"
"FHS",0.0469924114816787,2,169425.246552646,8104.3795822
