"Code","f","fidx","biomass","catch"
"FHS",0.468778213069807,10,29005.4543087986,12886.744207
