"Code","f","fidx","biomass","catch"
"FHS",0.140711670558324,4,102569.07267747,14510.4261566
