"Code","f","fidx","biomass","catch"
"FHS",0.586084612581264,11,21177.0167116736,11468.9629566
