"Code","f","fidx","biomass","catch"
"HAL",9.26945117858052e-05,1,804305.45217534,0
