"Code","f","fidx","biomass","catch"
"HAL",0.231674272247061,7,131772.502909556,46674.7601968
