"Code","f","fidx","biomass","catch"
"HAL",0.389481372446009,10,33299.838214508,22642.042569
