"Code","f","fidx","biomass","catch"
"HAL",0.192677052751448,6,186116.154768584,53116.200357
