"Code","f","fidx","biomass","catch"
"HAL",0.115180702846803,4,356877.03292955,57700.0888838
