"Code","f","fidx","biomass","catch"
"HAL",0.310199694584145,9,65552.0775683026,33247.4348428
