"Code","f","fidx","biomass","catch"
"HAL",0.591431532193955,12,7336.79577960558,8687.3170452
