"Code","f","fidx","biomass","catch"
"HAL",0.0766694374482823,3,479279.551326322,50532.7732588
