"Code","f","fidx","biomass","catch"
"HAL",0.489744799713241,11,15097.0646360874,13893.6942222
