"Code","f","fidx","biomass","catch"
"HAL",0.1538479397612,5,259974.009693262,57559.489463
