"Code","f","fidx","biomass","catch"
"HAL",0.270846172852946,8,92878.815762366,39764.2744852
