"Code","f","fidx","biomass","catch"
"HAL",0.799755248326062,13,2116.1679931317,3749.9099144
