"Code","f","fidx","biomass","catch"
"HAL",0.0383085380052942,2,628277.386455896,32557.940461
