"Code","f","fidx","biomass","catch"
"POL",0.649744042485729,10,106044.74655134,130067.7930402
