"Code","f","fidx","biomass","catch"
"POL",0.189881926130222,4,754925.2105224,196848.0600788
