"Code","f","fidx","biomass","catch"
"POL",0.318542280468087,6,447518.451752,212680.2154384
