"Code","f","fidx","biomass","catch"
"POL",0.821806399274473,11,48608.6410726772,84818.4232402
