"Code","f","fidx","biomass","catch"
"POL",0.000161267496925836,1,1510801.419649,0
