"Code","f","fidx","biomass","catch"
"POL",0.0630001771465826,2,1215792.9507276,97907.037914
