"Code","f","fidx","biomass","catch"
"POL",0.253975425834855,5,584159.55770444,212080.994608
