"Code","f","fidx","biomass","catch"
"POL",1.37752718688599,13,2121.16181475745,8372.2884756
