"Code","f","fidx","biomass","catch"
"POL",0.999475080381078,12,20660.5661961356,48957.2581792
