"Code","f","fidx","biomass","catch"
"POL",0.449229612833496,8,256313.48677316,188245.0618662
