"Code","f","fidx","biomass","catch"
"POL",0.515425824821511,9,192071.969778812,169741.2873422
