"Code","f","fidx","biomass","catch"
"POL",0.1262323786605,3,964377.2467742,161069.5249504
