"Code","f","fidx","biomass","catch"
"POL",0.383615010582471,7,339914.47515332,203483.805356
