"Code","f","fidx","biomass","catch"
"POP",0.136001547863891,6,37180.8704406376,6482.6402996
