"Code","f","fidx","biomass","catch"
"POP",0.163232032877411,7,28015.1320330836,6042.1139798
