"Code","f","fidx","biomass","catch"
"POP",0.108786271987237,5,49515.354556751,6698.9976968
