"Code","f","fidx","biomass","catch"
"POP",0.0272286359284425,2,119663.345080114,3713.21909
