"Code","f","fidx","biomass","catch"
"POP",0.409053531673845,12,1954.49944715002,1336.871393
