"Code","f","fidx","biomass","catch"
"POP",0.0815858890835574,4,66244.771966666,6521.9371098
