"Code","f","fidx","biomass","catch"
"POP",0.546285257385826,13,384.903251677818,389.1673194
