"Code","f","fidx","biomass","catch"
"POP",0.340626186006696,11,4284.62820178314,2303.3847284
