"Code","f","fidx","biomass","catch"
"POP",7.12298466790258e-05,1,159904.735636252,0
