"Code","f","fidx","biomass","catch"
"POP",0.2177399970157,9,15954.6911968274,4867.2236228
