"Code","f","fidx","biomass","catch"
"POP",0.0544001028060759,3,88996.0648900146,5673.8482044
