"Code","f","fidx","biomass","catch"
"POP",0.190478063500213,8,21144.2176082612,5481.6471864
