"Code","f","fidx","biomass","catch"
"POP",0.272313110824592,10,9012.38201239316,3634.1259322
