"Code","f","fidx","biomass","catch"
"REX",0.200014690039416,4,74481.973983676,15429.4992582
