"Code","f","fidx","biomass","catch"
"REX",0.546169282585294,9,19678.0507846182,11649.877468
