"Code","f","fidx","biomass","catch"
"REX",0.000155476195895755,1,280787.512682562,0
