"Code","f","fidx","biomass","catch"
"REX",0.876973103671629,11,8979.68693196558,8655.9665518
