"Code","f","fidx","biomass","catch"
"REX",0.690496064817716,10,13471.744924783,10169.374366
