"Code","f","fidx","biomass","catch"
"REX",0.475393603250724,8,24354.8387681522,12475.379048
