"Code","f","fidx","biomass","catch"
"REX",1.07173359832504,12,6329.00841789366,7462.2565442
