"Code","f","fidx","biomass","catch"
"REX",0.132833055966359,3,109598.065789126,14868.9678996
