"Code","f","fidx","biomass","catch"
"REX",0.336274379960607,6,39853.5634277176,14206.1650974
