"Code","f","fidx","biomass","catch"
"REX",1.49582855071309,13,3539.68905965997,5767.5430564
