"Code","f","fidx","biomass","catch"
"REX",0.405449227762739,7,30759.3340197142,13339.1225958
