"Code","f","fidx","biomass","catch"
"REX",0.0662261086388344,2,171275.92667539,11414.4891072
