"Code","f","fidx","biomass","catch"
"REX",0.267813043875832,5,53329.2156833314,14978.255145
