"Code","f","fidx","biomass","catch"
"RFP",0.302311457952319,11,2341.29016236407,703.680832
