"Code","f","fidx","biomass","catch"
"RFP",0.0726153435173785,4,17933.405459636,1313.434465
