"Code","f","fidx","biomass","catch"
"RFP",0.193513173655328,9,5308.99306787916,1033.4866752
