"Code","f","fidx","biomass","catch"
"RFP",0.362757141978613,12,1595.69218407935,570.3142076
