"Code","f","fidx","biomass","catch"
"RFP",0.145156410920309,7,8229.54627838936,1204.8095902
