"Code","f","fidx","biomass","catch"
"RFP",0.483670031949225,13,822.918188721901,383.9881758
