"Code","f","fidx","biomass","catch"
"RFP",0.241868153712324,10,3601.11185982104,872.375095
