"Code","f","fidx","biomass","catch"
"RFP",0.0967966667240872,5,13584.3620437328,1326.9181394
