"Code","f","fidx","biomass","catch"
"RFP",0.169335093691019,8,6563.53042795532,1119.7828822
