"Code","f","fidx","biomass","catch"
"RFP",0.0242492076379006,2,32977.8047225616,803.8849566
