"Code","f","fidx","biomass","catch"
"RFP",0.120976980424727,6,10482.0469652868,1279.6431278
