"Code","f","fidx","biomass","catch"
"RFP",0.0484328933970886,3,24118.8887286646,1176.8882546
