"Code","f","fidx","biomass","catch"
"RFP",6.41858734172146e-05,1,45584.5565379996,0
