"Code","f","fidx","biomass","catch"
"RFS",0.128536403912134,10,70368.3674438076,12913.9902428
