"Code","f","fidx","biomass","catch"
"RFS",0.257414432092408,13,19219.808119059,8287.5457754
