"Code","f","fidx","biomass","catch"
"RFS",0.0128682836611531,2,379829.540462518,5728.0840006
