"Code","f","fidx","biomass","catch"
"RFS",3.32845384472844e-05,1,475333.60171552,0
