"Code","f","fidx","biomass","catch"
"RFS",0.0257065520628543,3,304899.145908194,9390.6057994
