"Code","f","fidx","biomass","catch"
"RFS",0.0770932981887274,7,137082.384489593,13860.1662698
