"Code","f","fidx","biomass","catch"
"RFS",0.0385481379601677,4,246456.778582538,11639.2822122
