"Code","f","fidx","biomass","catch"
"RFS",0.0642414603044996,6,165206.925093991,13607.8168202
