"Code","f","fidx","biomass","catch"
"RFS",0.192924925584295,12,35007.6699482849,10539.9194614
