"Code","f","fidx","biomass","catch"
"RFS",0.160718499645299,11,48884.5790928505,11756.5004534
