"Code","f","fidx","biomass","catch"
"RFS",0.0899486665570056,8,114719.35405573,13837.164005
