"Code","f","fidx","biomass","catch"
"RFS",0.0513930908332879,5,200885.323484851,12938.776201
