"Code","f","fidx","biomass","catch"
"RFS",0.102807599302167,9,96775.4306694026,13633.2020184
