"Code","f","fidx","biomass","catch"
"SBF",0.127079799820028,7,95459.339166449,16468.4846114
