"Code","f","fidx","biomass","catch"
"SBF",0.0424148854918093,3,196383.469448808,10299.222588
