"Code","f","fidx","biomass","catch"
"SBF",0.169380522175866,9,66454.7717058822,16044.6057734
