"Code","f","fidx","biomass","catch"
"SBF",0.148233113666167,8,79640.6194999672,16422.1573246
