"Code","f","fidx","biomass","catch"
"SBF",0.317213986911281,12,18097.7564665113,9621.20343
