"Code","f","fidx","biomass","catch"
"SBF",0.0635881372756563,4,164278.38806165,13207.5563706
