"Code","f","fidx","biomass","catch"
"SBF",5.64523326442671e-05,1,277714.544597264,0
