"Code","f","fidx","biomass","catch"
"SBF",0.42254281380897,13,6205.91818311138,4864.7536354
