"Code","f","fidx","biomass","catch"
"SBF",0.105920954188273,6,114438.024329893,16061.9825214
