"Code","f","fidx","biomass","catch"
"SBF",0.0847569457324298,5,137168.706823174,15043.352199
