"Code","f","fidx","biomass","catch"
"SBF",0.26446036635227,11,29196.0839348834,12242.1867858
