"Code","f","fidx","biomass","catch"
"SBF",0.211656093076626,10,46243.6322985664,14640.309962
