"Code","f","fidx","biomass","catch"
"SBF",0.0212375416708736,2,234067.492086216,6013.9079106
