Time KWT WHT KWR DOL WHG WHH WHB SSL PIN BDF BDI BSF BSI SHD SHP DOG POL COD HER ATF HAL FHS REX FFS FFD SKL SKB SKO SBF POP RFS RFP RFD THO DFS DFD SCU OCT SQD SCH SCM SCO SPI SSO HAK CAP SAN FOS EUL TAN KIN CRO PAN PWN EBC BG COR SPG BFF BIV BC BO BD MA EUP ZL ZM ZS JEL GEL PTE PL PS BB PB DC DL DR DIN RelKWT RelWHT RelKWR RelDOL RelWHG RelWHH RelWHB RelSSL RelPIN RelBDF RelBDI RelBSF RelBSI RelSHD RelSHP RelDOG RelPOL RelCOD RelHER RelATF RelHAL RelFHS RelREX RelFFS RelFFD RelSKL RelSKB RelSKO RelSBF RelPOP RelRFS RelRFP RelRFD RelTHO RelDFS RelDFD RelSCU RelOCT RelSQD RelSCH RelSCM RelSCO RelSPI RelSSO RelHAK RelCAP RelSAN RelFOS RelEUL RelTAN RelKIN RelCRO RelPAN RelPWN RelEBC RelBG RelCOR RelSPG RelBFF RelBIV RelBC RelBO RelBD RelMA RelEUP RelZL RelZM RelZS RelJEL RelGEL RelPTE RelPL RelPS RelBB RelPB RelDC RelDL RelDR RelDIN MigWHT MigWHG MigWHH MigPIN MigBDF MigBDI MigBSF MigSHP MigSCH MigSCM MigSCO MigSPI MigSSO MigHAK PelDemRatio PiscivPlankRatio DivCount InfEpiRatio BSSslope HabitCover
0.000000e+00 1385.213094 6783.289161 5328.017265 4328.236033 503486.265163 201587.837385 64212.623766 5773.742287 7438.174990 7355.619399 77.484637 279.766524 341.775358 6151.644831 12177.023115 19417.679281 2365314.933984 793764.920835 306041.075885 1798303.940507 292185.716122 233563.231253 139631.013977 427555.112807 177957.140194 17228.654556 36516.175341 11973.596138 300749.967950 203783.087293 432926.361511 44698.179584 76453.625678 65478.963197 556240.297731 185379.504578 27704.800208 233975.034237 420918.992336 34352.813834 779301.585956 56408.093951 324391.393447 514764.237883 411086.282214 2022076.150381 840225.162572 314970.335136 361710.370315 186556.985468 1808.010072 2084701.971606 3541100.994238 4496707.970486 1702080.003051 390952.982117 1829.557501 34188.001076 129660.996296 4108198.001860 2681629.462548 2521470.833722 2361312.186829 309897.855307 4631431.049996 12640199.109322 12640199.109322 6081420.526595 43736.008508 378156.009413 0.000000 2265784.590130 4445309.014478 4027.170835 817186.712711 5673791.313852 63786.651175 63786.651175 3387321773.235888 1.000000 1.001664 1.000000 1.000000 1.006951 1.006033 1.000000 1.000000 1.000448 1.000000 1.000000 1.000000 1.000000 1.000000 1.000000 1.000000 1.000000 1.000000 1.000000 1.000000 1.000000 1.000000 1.000000 1.000000 1.000000 1.000000 1.000000 1.000000 1.000000 1.000000 1.000000 1.000000 1.000000 1.000000 1.000000 1.000000 1.000000 1.000000 1.000000 1.150523 1.482916 1.432002 1.179855 1.162548 1.409123 1.000000 1.000000 1.000000 1.000000 1.000000 1.000000 1.000000 1.000000 1.000000 1.000000 1.000000 1.000000 1.000000 1.000000 1.000000 1.000000 1.000000 1.000000 1.000000 1.000000 1.000000 1.000000 1.000000 1.000000 1.000000 1.000000 1.000000 1.000000 1.000000 1.000000 1.000000 1.000000 1.000000 1.000000 4525.948599 503486.265163 201587.837385 294.893611 6968.481536 12.795628 50.866641 0.000000 34352.813834 779301.585956 56408.093951 324391.393447 514764.237883 411086.282214 0.000000 0.000000 0.000000 0.000000 -20131.543436 0.000000
3.650000e+02 1370.456305 6286.604314 5020.984868 4073.316587 460115.647507 184143.687867 61205.098261 5392.650422 7167.750376 7852.818402 70.652864 292.696345 336.169488 6204.129395 10172.173313 18832.105665 2464591.894417 1064927.883857 352872.264079 1918948.520862 355083.589540 404164.157704 112499.579461 454443.752377 161766.674056 17332.671650 35299.385174 12869.562428 269193.142417 174237.974312 394523.223809 42657.533091 69655.370852 59532.524302 664967.547971 178392.729707 29623.541586 243319.658160 423309.269384 22325.522690 320301.581541 65235.489956 168169.835127 273261.470599 1680043.723936 1874157.194448 767260.943544 312370.819773 264876.853681 193563.596080 1875.368967 2599550.421241 3383608.617158 4387700.062422 1686739.603156 393499.685150 1829.617312 34208.459215 128890.408431 3453430.557253 2811642.512462 2444362.728511 2395938.573607 328457.825510 4575771.540972 13515657.078082 11119881.687659 4938454.709987 45229.156190 427330.940018 1.329550 78750920.704747 43330775.052317 1964.117918 1594273.629943 0.000000 9133198.296830 5246598.283310 3362147114.667453 0.989347 0.928320 0.942374 0.941103 0.920211 0.918977 0.953163 0.933996 0.964075 1.067594 0.911831 1.046216 0.983598 1.008532 0.835358 0.969843 1.041972 1.341616 1.153023 1.067088 1.215267 1.730427 0.805692 1.062889 0.909020 1.006037 0.966678 1.074829 0.895073 0.855017 0.911294 0.954346 0.911080 0.909186 1.195468 0.962311 1.069257 1.039939 1.005679 0.747712 0.609495 1.656098 0.611656 0.617136 5.758860 0.926848 0.913161 0.991747 0.732290 1.037557 1.037256 1.246965 0.955524 0.975758 0.990987 1.006514 1.000033 1.000598 0.994057 0.840619 1.048483 0.969419 1.014664 1.059891 0.987982 1.069260 0.879724 0.812056 1.034140 1.130039 1.000000 34.756579 9.747528 0.487717 1.950929 0.000000 143.183537 82.252292 0.992568 3257.511255 460115.647507 184143.687867 0.000000 5452.005830 6.377530 29.944084 0.000000 22325.522690 320301.581541 65235.489956 168169.835127 273261.470599 1680043.723936 0.134343 6800021284821992292220928.000000 64.989130 4.464337 -19994.181323 0.067971
7.300000e+02 1411.640898 6101.446583 5093.018328 4097.015030 445150.019437 173644.322756 61998.123444 5418.849688 7244.201587 7481.696780 69.567094 305.918303 352.952858 6607.013614 8590.123759 18659.537575 2727444.799234 1445197.658415 415180.165455 2043050.390367 449234.305924 530259.231012 105149.816354 485459.221509 157084.828611 18758.958620 37243.715066 14415.722333 270012.403792 165057.119113 387574.141010 43960.748077 70342.558430 60105.748569 812081.285433 182058.956854 32282.684191 252807.888892 425862.448895 16860.559680 175513.591267 81486.386088 5905.751361 172097.065337 1680501.643099 1837785.715765 768640.783307 323736.517513 208332.123175 200473.564982 1944.898341 2852100.122295 3226442.970875 4282019.687425 1670906.469610 396184.235574 1829.678912 34228.423330 127914.892490 3013329.863769 2941690.719739 2569540.769173 2585143.825915 336575.575481 4599504.368765 15526473.272832 12024565.546405 4477083.057439 47079.170206 501816.754062 1.588916 89516330.422267 46751755.842656 1535.979775 2080681.708796 0.000000 19789287.203283 9188193.063192 3401215321.266803 1.019079 0.900979 0.955894 0.946578 0.890281 0.866579 0.965513 0.938533 0.974358 1.017140 0.897818 1.093477 1.032704 1.074024 0.705437 0.960956 1.153100 1.820687 1.356616 1.136098 1.537496 2.270303 0.753055 1.135431 0.882712 1.088823 1.019924 1.203959 0.897797 0.809965 0.895243 0.983502 0.920068 0.917940 1.459947 0.982088 1.165238 1.080491 1.011744 0.564683 0.333981 2.068651 0.021480 0.388666 5.760429 0.908861 0.914803 1.027832 0.575964 1.074597 1.075712 1.368109 0.911141 0.952257 0.981685 1.013381 1.000066 1.001182 0.986533 0.733492 1.096979 1.019064 1.094791 1.086086 0.993107 1.228341 0.951296 0.736190 1.076440 1.327010 1.000000 39.507873 10.517099 0.381404 2.546152 0.000000 310.241827 144.045704 1.004102 3161.086523 445150.019437 173644.322756 0.000000 5249.713545 6.265318 31.558109 0.000000 16860.559680 175513.591267 81486.386088 5905.751361 172097.065337 1680501.643099 0.124735 7046855512269940779384832.000000 64.989130 4.683795 -20748.711897 0.055382
1.095000e+03 1448.426697 5935.066820 5206.797272 4127.116663 432505.777966 164799.976923 63052.485306 5505.445817 7382.246418 7106.284684 68.891464 311.485044 369.212670 7008.318452 7808.710742 18618.339416 2941005.019373 1825006.681004 465979.655837 2128540.837191 554675.242911 622788.747697 98723.137445 513202.725335 153669.146863 20465.067676 39920.146855 15968.746378 271441.111292 159029.704662 384253.384541 45276.945421 71165.083276 60724.842652 964704.093417 186127.299626 34536.346175 262432.875697 428433.099127 15047.839885 392107.860763 119566.559624 52441.958978 146240.844076 1705535.169424 1802289.992850 780728.239389 307524.512591 164357.126569 207314.187954 2016.585349 2924522.707585 3069720.715228 4172116.823771 1655080.163303 399099.254175 1829.746971 34251.160482 126897.155132 2740038.135150 3084934.305340 2896042.874645 2845821.210186 350301.782315 4638333.785864 17584302.480311 12689426.501709 4057570.980113 49132.576232 557791.265858 1.762937 93394592.577601 49582380.811322 1565.026995 2377288.549983 0.000000 31901590.635727 12816907.996183 3431685578.804506 1.045635 0.876410 0.977249 0.953533 0.864993 0.822441 0.981933 0.953532 0.992926 0.966103 0.889098 1.113375 1.080279 1.139259 0.641266 0.958834 1.243388 2.299178 1.522605 1.183638 1.898365 2.666467 0.707029 1.200319 0.863518 1.187851 1.093218 1.333663 0.902547 0.780387 0.887572 1.012948 0.930827 0.927395 1.734330 1.004034 1.246583 1.121628 1.017852 0.503973 0.746133 3.035372 0.190738 0.330272 5.846239 0.891307 0.929189 0.976360 0.454389 1.111265 1.115362 1.402849 0.866883 0.927816 0.972387 1.020837 1.000104 1.001847 0.978684 0.666968 1.150395 1.148553 1.205186 1.130378 1.001490 1.391141 1.003895 0.667208 1.123390 1.475029 1.000000 41.219537 11.153866 0.388617 2.909113 0.000000 500.129573 200.934016 1.013097 3073.750787 432505.777966 164799.976923 0.000000 5033.820915 6.197919 32.197207 0.000000 15047.839885 392107.860763 119566.559624 52441.958978 146240.844076 1705535.169424 0.114337 6693419422992813818642432.000000 64.989130 5.125264 -19700.571801 0.048084
1.460000e+03 1481.000812 5788.141773 5345.962355 4154.805550 421875.195774 157006.448124 64279.907826 5619.052809 7543.271934 6732.349899 67.883431 313.755832 384.892969 7404.885776 7618.238264 18652.680245 3035457.879678 2113371.278500 502195.620922 2170258.013085 662886.266465 689427.611189 93839.600416 537325.043060 150967.145920 22228.221240 42720.527135 17385.463232 271531.510111 155225.733550 382891.245454 46459.698542 72025.048134 61400.473624 1108066.629300 190433.704358 36321.862450 272208.947371 431108.793707 20450.337103 541869.875212 118300.165960 945.235565 201505.314325 1628305.194000 1742498.912065 774703.057304 280007.649558 140525.302285 214136.789993 2090.545933 2938653.779904 2915827.520014 4062830.710990 1639700.321946 402287.777535 1829.823094 34277.383245 125841.938963 2596288.942368 3247948.835390 3457221.697568 3157479.369992 366125.443132 4692593.533376 19255831.653454 13015387.363488 3702914.304005 51306.890856 586449.652819 1.898607 93012440.550149 53920476.140372 1828.013685 2550839.688183 0.000000 44180817.293857 16408551.490915 3456338783.204288 1.069150 0.854714 1.003368 0.959930 0.843732 0.783547 1.001048 0.973208 1.014584 0.915266 0.876089 1.121492 1.126158 1.203725 0.625624 0.960603 1.283321 2.662465 1.640942 1.206836 2.268716 2.951781 0.672054 1.256739 0.848334 1.290189 1.169907 1.451983 0.902848 0.761720 0.884426 1.039409 0.942075 0.937713 1.992065 1.027264 1.311031 1.163410 1.024208 0.684910 1.031112 3.003223 0.003438 0.455081 5.581510 0.861738 0.922018 0.888997 0.388502 1.147836 1.156269 1.409628 0.823424 0.903512 0.963351 1.028993 1.000145 1.002614 0.970546 0.631978 1.211185 1.371113 1.337172 1.181439 1.013206 1.523380 1.029682 0.608890 1.173104 1.550814 1.000000 41.050875 12.129748 0.453920 3.121489 0.000000 692.634219 257.241150 1.020375 2996.682364 421875.195774 157006.448124 0.000000 4810.969428 6.103941 32.437347 0.000000 20450.337103 541869.875212 118300.165960 945.235565 201505.314325 1628305.194000 0.104845 6094001135339098123272192.000000 64.956522 5.749446 -17912.699460 0.044844
1.825000e+03 1510.108579 5660.499774 5494.327619 4180.943227 413265.148644 149759.856368 65595.066614 5733.971055 7697.033566 6370.573173 66.348467 314.958341 399.844815 7792.207544 8028.563087 18743.117052 2999854.140162 2295098.996800 529987.386643 2188751.737701 769051.586446 736626.396781 89986.815404 558063.474944 148843.744818 23978.126437 45230.874508 18636.774795 270565.606417 153032.493304 382956.309308 47549.254330 72953.357283 62165.673349 1230830.831237 194878.376172 37808.818945 282170.245609 433942.527197 22932.946924 357211.936852 125303.283008 83622.715315 226934.948937 1465498.511141 1714813.023675 754309.321926 257409.545773 139820.807842 221000.080781 2167.010229 2957676.654244 2766477.633668 3956974.433420 1625041.004255 405774.153842 1829.907741 34306.802131 124752.951387 2564677.337148 3432839.123850 4332406.747936 3510641.179643 388103.297508 4762293.562668 20339790.316309 13120108.822350 3478889.345231 53533.560141 652119.482180 2.039016 89734100.124575 60618915.750528 2240.030801 2659495.209204 0.000000 55584764.751359 20013037.243091 3477675163.849120 1.090163 0.835866 1.031214 0.965969 0.826512 0.747383 1.021529 0.993112 1.035265 0.866082 0.856279 1.125790 1.169905 1.266687 0.659321 0.965260 1.268268 2.891409 1.731752 1.217120 2.632064 3.153863 0.644462 1.305243 0.836402 1.391759 1.238653 1.556489 0.899636 0.750958 0.884576 1.063785 0.954217 0.949399 2.212768 1.051240 1.364703 1.205984 1.030941 0.768056 0.679731 3.181007 0.304147 0.512512 5.023441 0.848046 0.897747 0.817250 0.386555 1.184625 1.198561 1.418753 0.781248 0.879971 0.954738 1.037910 1.000191 1.003475 0.962147 0.624283 1.280132 1.718206 1.486733 1.252359 1.028255 1.609135 1.037967 0.572052 1.224016 1.724472 1.000000 39.603986 13.636603 0.556229 3.254452 0.000000 871.416883 313.749615 1.026674 2929.485661 413265.148644 149759.856368 0.000000 4590.356732 5.962789 32.547733 0.000000 22932.946924 357211.936852 125303.283008 83622.715315 226934.948937 1465498.511141 0.099278 5601756281438563475652608.000000 64.956522 6.558094 -16444.873075 0.044489
2.190000e+03 1536.437946 5548.587666 5642.409071 4212.370531 406711.842430 142986.164963 66934.716584 5841.362529 7828.305087 6031.526530 64.582142 316.264952 414.194619 8170.697147 8305.873093 18891.734342 2999026.343733 2416577.474895 552973.282652 2201206.366678 870765.186595 769855.143817 87080.460934 575659.854688 147239.413568 25708.268614 47600.297125 19749.471605 269489.995501 152009.798546 384143.214643 48668.971821 74001.106006 63052.353411 1324162.583288 199435.323111 39197.786242 292375.842559 436935.461840 19893.796055 81649.914885 154508.258574 1125.194691 193073.247609 1256946.657968 1766573.111873 760747.519631 249547.194043 153825.125326 227963.018236 2246.263115 3009048.995772 2623775.873730 3854862.655356 1611259.260798 409568.512881 1830.000068 34339.165879 123633.451468 2612808.618193 3638520.750053 5645754.495324 3897141.583575 414422.405649 4837464.953954 20861498.605600 13108147.953446 3411808.172636 55775.936557 768897.912311 2.196794 85673582.261636 68105992.398795 2697.455272 2734216.391624 0.000000 65206318.913571 23519457.010514 3497251976.299209 1.109171 0.819340 1.059007 0.973230 0.813406 0.713578 1.042392 1.011712 1.052921 0.819989 0.833483 1.130460 1.211891 1.328213 0.682094 0.972914 1.267918 3.044450 1.806860 1.224046 2.980177 3.296132 0.623647 1.346399 0.827387 1.492181 1.303540 1.649419 0.896060 0.745939 0.887318 1.088836 0.967921 0.962941 2.380559 1.075822 1.414837 1.249603 1.038051 0.666270 0.155370 3.922418 0.004092 0.436038 4.308566 0.873643 0.905409 0.792288 0.425272 1.221948 1.242395 1.443395 0.740949 0.857263 0.946641 1.047616 1.000242 1.004422 0.953513 0.635999 1.356832 2.239072 1.650414 1.337287 1.044486 1.650409 1.037021 0.561022 1.275286 2.033282 1.000000 37.811883 15.320868 0.669814 3.345889 0.000000 1022.256502 368.720674 1.032453 2870.427090 406711.842430 142986.164963 0.000000 4381.367569 5.802093 32.654662 0.000000 19893.796055 81649.914885 154508.258574 1125.194691 193073.247609 1256946.657968 0.098148 5430412599110811110080512.000000 64.956522 7.581543 -15938.595106 0.045885
2.555000e+03 1560.571589 5447.660127 5788.285958 4241.360451 402133.035205 136489.963981 68255.537633 5942.361132 7941.771168 5713.844318 62.441300 317.541341 427.910662 8541.470883 9127.751112 19097.494544 3054252.433333 2510163.411388 570101.774711 2207979.958942 965813.223465 791817.203978 85274.449535 590429.370104 146106.842550 27367.036089 50022.987500 20736.482829 268830.899308 151789.906334 386152.641193 49818.398404 75158.297133 64056.352382 1391481.423966 204100.790011 40563.236472 302868.177661 440063.182830 14702.434543 232892.014440 141958.663722 139680.741222 136618.525851 1039048.015479 1790621.028217 750635.334220 257678.424063 164901.582674 235071.505363 2328.557625 3069852.229307 2488298.681112 3756506.768707 1598329.510515 413659.546539 1830.098951 34374.151340 122485.947655 2715689.216421 3864876.403921 7590877.663273 4305249.830261 442738.858010 4911129.105736 20967489.005772 13082615.394053 3513650.792146 58027.563699 879106.303570 2.357723 81507231.746845 76259868.782369 3070.067147 2796811.330224 0.000000 72238564.437248 26833358.810825 3516642007.210774 1.126593 0.804436 1.086386 0.979928 0.804249 0.681159 1.062961 1.029204 1.068183 0.776800 0.805854 1.135023 1.252023 1.388486 0.749588 0.983511 1.291267 3.162351 1.862828 1.227812 3.305477 3.390162 0.610713 1.380943 0.821023 1.588460 1.369886 1.731851 0.893868 0.744860 0.891959 1.114551 0.983057 0.978274 2.501583 1.100989 1.464123 1.294447 1.045482 0.492405 0.443165 3.603828 0.508038 0.308541 3.561652 0.885536 0.893374 0.818104 0.455894 1.260052 1.287912 1.472562 0.702691 0.835390 0.939045 1.058080 1.000296 1.005445 0.944663 0.661041 1.441242 3.010496 1.823245 1.428661 1.060391 1.658794 1.035001 0.577768 1.326769 2.324719 1.000000 35.973072 17.155133 0.762338 3.422488 0.000000 1132.502853 420.673579 1.038178 2817.618359 402133.035205 136489.963981 0.000000 4183.460867 5.608644 32.765198 0.000000 14702.434543 232892.014440 141958.663722 139680.741222 136618.525851 1039048.015479 0.098023 5607312329179219198214144.000000 64.945652 8.905195 -16476.340088 0.048454
2.920000e+03 1582.969665 5354.212139 5930.396347 4263.079108 399366.432296 130276.846531 69531.124309 6034.739104 8034.931828 5417.713518 60.467515 318.732294 441.026360 8904.555248 9879.367719 19361.932057 3136012.834717 2579730.979409 582088.085436 2210494.565990 1053013.079323 805408.384822 84382.449495 602993.890564 145402.327236 28909.562984 52194.399285 21622.061029 268899.149419 152103.195452 388835.109893 51026.686306 76450.057968 65180.604253 1438686.912898 208884.948705 41947.347829 313681.766336 443283.800048 14549.998019 483353.325498 147767.401446 1852.571113 135703.795859 835407.356423 1800366.121373 752939.968600 286214.014006 174618.451380 242362.984802 2414.120762 3148237.957102 2360259.103901 3661811.988376 1586081.453195 418022.258618 1830.202826 34411.121437 121311.697359 2860524.456128 4110743.208198 10433303.990544 4723337.933491 472555.429772 4979931.346939 20773614.781726 13044017.546560 3817816.893343 60266.492782 928180.005216 2.510050 76243085.635731 85940069.421631 3173.966561 2856349.270935 0.000000 75865898.678698 29685539.886211 3536673993.241759 1.142763 0.790637 1.113059 0.984946 0.798715 0.650152 1.082826 1.045204 1.080713 0.736541 0.780381 1.139280 1.290398 1.447508 0.811312 0.997129 1.325833 3.249994 1.901993 1.229211 3.603917 3.448353 0.604325 1.410330 0.817064 1.677993 1.429350 1.805812 0.894095 0.746398 0.898155 1.141583 0.999953 0.995443 2.586449 1.126796 1.514082 1.340663 1.053133 0.487299 0.919762 3.751291 0.006738 0.306475 2.863612 0.890355 0.896117 0.908701 0.482758 1.299136 1.335236 1.510162 0.666533 0.814332 0.931849 1.069239 1.000353 1.006526 0.935607 0.696297 1.532927 4.137785 2.000302 1.524875 1.075247 1.643456 1.031947 0.627784 1.377961 2.454490 1.000000 33.649750 19.332755 0.788138 3.495345 0.000000 1189.369520 465.387967 1.044092 2769.357655 399366.432296 130276.846531 0.000000 3997.090266 5.430907 32.870815 0.000000 14549.998019 483353.325498 147767.401446 1852.571113 135703.795859 835407.356423 0.099610 6228447796443578093273088.000000 64.945652 10.636644 -18346.459965 0.052087
3.285000e+03 1603.692924 5265.570044 6068.309953 4275.235496 398179.091631 124295.369718 70744.402711 6116.017017 8109.851191 5142.875160 58.916026 319.820983 453.604006 9259.950084 11297.419867 19682.876750 3215289.855625 2621192.959531 592907.230318 2207561.823370 1132049.749421 813150.351761 84344.857965 614119.173503 145081.225876 30299.398230 54216.892634 22423.730789 269800.761674 152767.029366 392037.600139 52293.999855 77873.025662 66416.254226 1473931.266728 213783.219093 43355.271612 324845.559610 446552.565950 19675.351108 433828.152528 167367.803610 173405.462361 190312.186253 702852.593388 1801082.519086 756059.651828 315697.298821 184798.900064 249867.562687 2503.154568 3234218.041224 2239812.718558 3570722.906430 1574235.574679 422617.441094 1830.310254 34449.285001 120111.445981 3032909.885779 4374457.585215 14487692.448700 5139973.697532 503601.655575 5043342.328720 20405230.036401 13021115.225278 4384063.151666 62480.881718 990970.988341 2.671100 71378112.395991 95631095.691753 2709.815379 2919700.642854 0.000000 75352288.849765 31750495.645981 3558327190.569706 1.157723 0.777548 1.138943 0.987755 0.796341 0.620301 1.101721 1.059281 1.090790 0.699176 0.760358 1.143171 1.327199 1.505280 0.927765 1.013658 1.359350 3.302228 1.937345 1.227580 3.874419 3.481500 0.604055 1.436351 0.815259 1.758663 1.484736 1.872765 0.897093 0.749655 0.905553 1.169936 1.018566 1.014314 2.649810 1.153219 1.564901 1.388377 1.060899 0.658954 0.825522 4.248876 0.630699 0.429803 2.409241 0.890710 0.899830 1.002308 0.510903 1.339363 1.384480 1.551405 0.632519 0.794075 0.924889 1.080993 1.000411 1.007643 0.926350 0.738258 1.631268 5.745731 2.176745 1.625057 1.088938 1.614312 1.030135 0.720895 1.428591 2.620535 1.000000 31.502603 21.512812 0.672883 3.572868 0.000000 1181.317524 497.760818 1.050484 2724.193511 398179.091631 124295.369718 0.000000 3822.500179 5.291172 32.969251 0.000000 19675.351108 433828.152528 167367.803610 173405.462361 190312.186253 702852.593388 0.101365 6870213023664521940566016.000000 64.923913 12.973179 -20278.171693 0.056560
3.650000e+03 1623.014298 5179.080247 6199.164048 4276.911145 398299.576148 118541.602676 71897.770528 6179.382173 8163.899370 4890.455144 56.660353 320.865697 465.754847 9607.618692 11924.497678 20062.271958 3289523.602539 2621188.513419 609292.832871 2201867.699821 1204541.690807 817153.807850 85162.270050 624454.412239 145098.962562 31557.477978 56225.965659 23184.095057 271678.059499 153777.762897 395802.399259 53680.437690 79476.994418 67775.873724 1509472.771756 218760.715077 44832.814715 336388.323129 449869.415707 22509.240868 124711.868467 153785.767023 2309.798084 223146.843253 723659.605293 1800768.202462 757187.911493 344689.003518 196595.780309 257610.311890 2595.854120 3349331.570323 2126780.538919 3483031.212784 1562406.581375 427394.296703 1830.419307 34487.394763 118885.103497 3216299.291317 4651896.058941 20041728.133124 5542098.539628 535557.638820 5099388.808074 19992875.834160 13018239.107111 5276078.018949 64676.864146 1113778.703940 2.851366 66978394.664195 104359716.653677 1605.443972 2983658.500142 0.000000 70317367.946733 32474902.396207 3581676435.454123 1.171671 0.764776 1.163503 0.988142 0.796582 0.591587 1.119683 1.070256 1.098059 0.664860 0.731246 1.146905 1.362751 1.561797 0.979262 1.033196 1.390734 3.302223 1.990886 1.224414 4.122521 3.498641 0.609909 1.460524 0.815359 1.831686 1.539755 1.936268 0.903335 0.754615 0.914249 1.200954 1.039545 1.035079 2.713706 1.180070 1.618233 1.437710 1.068779 0.753865 0.237311 3.904076 0.008401 0.503957 2.480563 0.890554 0.901173 1.094354 0.543517 1.380867 1.435752 1.606624 0.600599 0.774574 0.917940 1.093212 1.000471 1.008757 0.916892 0.782898 1.734727 7.948428 2.347042 1.728175 1.101040 1.581690 1.029908 0.867573 1.478801 2.945289 1.000000 29.560795 23.476369 0.398653 3.651134 0.000000 1102.383754 509.117532 1.057377 2680.876964 398299.576148 118541.602676 0.000000 3661.043461 5.087915 33.065042 0.000000 22509.240868 124711.868467 153785.767023 2309.798084 223146.843253 723659.605293 0.103530 7501263319437567489736704.000000 64.880435 16.082095 -22177.631593 0.061638
4.015000e+03 1641.441989 5096.555484 6326.581628 4269.381853 399380.784274 113028.504232 72993.126652 6233.873094 8208.241823 4660.750550 54.293869 321.914893 477.575024 9948.548276 13070.919286 20504.345178 3349693.972808 2679603.227193 623702.261499 2195495.378258 1271507.165830 818440.400765 86623.966203 634271.894513 145408.944435 32675.474447 56702.201408 23896.736649 274394.829485 155056.250925 399981.597957 55140.310065 81203.415019 69225.652155 1551413.585516 223788.020037 46317.574724 348312.223511 453219.235902 19691.171673 191843.837943 162968.839703 188061.882948 194448.030365 732913.114476 1800950.296456 757161.253726 370976.255747 209733.919420 265599.903103 2692.348779 3442618.153726 2020664.860790 3398221.455028 1550098.465763 432295.437216 1830.528090 34524.398517 117632.493958 3369922.121089 4938036.136080 27124086.702690 5910415.401191 568886.689383 5149712.385472 19569462.765932 13040053.497351 6576737.017361 66876.006585 1234557.196018 3.038367 63245203.003212 111996657.193319 698.883162 3048180.180219 0.000000 61244903.904113 31703134.961342 3606873060.844604 1.184974 0.752590 1.187418 0.986402 0.798744 0.564073 1.136741 1.079694 1.104023 0.633631 0.700705 1.150656 1.397336 1.617218 1.073408 1.055963 1.416173 3.375815 2.037969 1.220870 4.351709 3.504149 0.620378 1.483486 0.817101 1.896577 1.552797 1.995786 0.912369 0.760889 0.923902 1.233614 1.062126 1.057220 2.789107 1.207189 1.671825 1.488673 1.076737 0.659484 0.365055 4.137202 0.684006 0.439143 2.512282 0.890644 0.901141 1.177813 0.579839 1.423693 1.489123 1.651372 0.570632 0.755713 0.910708 1.105748 1.000531 1.009840 0.907231 0.820292 1.841431 10.757248 2.503022 1.835723 1.111905 1.548193 1.031634 1.081447 1.529083 3.264677 1.000000 27.913158 25.194347 0.173542 3.730090 0.000000 960.152364 497.018332 1.064816 2639.795813 399380.784274 113028.504232 0.000000 3513.292850 4.875301 33.162391 0.000000 19691.171673 191843.837943 162968.839703 188061.882948 194448.030365 732913.114476 0.105108 8073439482073039981510656.000000 64.826087 19.686841 -23900.170934 0.066411
4.380000e+03 1659.077291 5026.951732 6458.431437 4253.965353 401054.865473 107760.125344 74038.783109 6295.921982 8253.959289 4454.180375 51.934284 322.978545 489.157814 10283.633047 13798.334758 21011.295106 3444916.721372 2877532.645848 635002.663879 2189033.425661 1333779.118542 817478.262683 88627.013274 643543.343118 145965.645427 33636.533411 58994.612251 24547.111903 277689.840062 156444.845637 404366.027092 56585.043336 82998.819869 70726.151514 1599927.281504 228835.153032 47714.425056 360588.670145 456559.819860 15001.607583 585480.236994 174199.413646 2516.155002 143780.925769 717051.397606 1798767.289268 754479.703522 390501.684816 221493.079061 273826.170844 2792.681105 3504671.391663 1920492.408973 3315176.573505 1536641.032877 437261.791182 1830.634766 34559.701448 116352.969228 3439733.771151 5233910.226756 35939350.946032 6230785.042164 603338.043097 5193974.332999 19164924.978168 13068910.642805 8348613.705519 69094.728498 1254367.814009 3.211673 60045690.100466 117638094.334295 493.489653 3105406.877045 0.000000 48206500.956726 28952619.533112 3633588355.115460 1.197705 0.742312 1.212164 0.982840 0.802092 0.537781 1.153025 1.090440 1.110173 0.605548 0.670253 1.154457 1.431226 1.671688 1.133145 1.082070 1.456430 3.625170 2.074894 1.217277 4.564833 3.500030 0.634723 1.505171 0.820229 1.952360 1.615575 2.050104 0.923325 0.767703 0.934030 1.265936 1.085610 1.080135 2.876324 1.234415 1.722244 1.541142 1.084674 0.502424 1.114097 4.422307 0.009152 0.324716 2.457911 0.889565 0.897949 1.239805 0.612349 1.467788 1.544616 1.681138 0.542343 0.737245 0.902802 1.118451 1.000589 1.010872 0.897363 0.837285 1.951765 14.253328 2.638696 1.946893 1.121462 1.516189 1.033917 1.372807 1.579813 3.317064 1.000000 26.501059 26.463423 0.122540 3.800119 0.000000 755.745913 453.897783 1.072702 2605.089011 401054.865473 107760.125344 0.000000 3379.517371 4.663282 33.262615 0.000000 15001.607583 585480.236994 174199.413646 2516.155002 143780.925769 717051.397606 0.105007 8498429456344727506911232.000000 64.728261 23.930757 -25180.167155 0.069403
4.745000e+03 1675.990326 4970.817833 6594.606788 4232.486493 402920.483193 102766.273612 75038.231923 6363.019930 8303.804453 4270.014741 49.681125 324.041339 500.589613 10613.398923 15671.795322 21583.442900 3526129.858188 3041867.081150 642917.676251 2181488.528946 1390652.933843 814171.742983 91093.437704 651978.731301 146724.789219 34394.328475 61961.726527 25087.976903 281092.234808 157736.303300 408739.672914 57866.387072 84737.696320 72207.643273 1651065.355261 233874.302624 48858.163481 373190.038770 459874.495404 15777.068664 744818.541809 161281.180697 194949.060850 151339.464051 709897.949802 1794773.323121 752873.594873 405055.822879 231857.289918 282281.753367 2896.801290 3499352.762907 1825622.415170 3233683.351248 1521280.126598 442244.868164 1830.737793 34593.120023 115046.287248 3390330.971799 5540514.277379 46173979.862181 6486722.459069 639368.413889 5231832.709571 18787124.601972 13097408.521147 10569454.230556 71351.841540 1227224.325597 3.382787 57569718.267146 120824775.767576 524.296522 3150828.217054 0.000000 33099939.600096 23943473.663258 3661568742.147727 1.209915 0.734023 1.237722 0.977878 0.805823 0.512859 1.168590 1.102062 1.116877 0.580511 0.641174 1.158256 1.464674 1.725294 1.286997 1.111536 1.490765 3.832201 2.100756 1.213081 4.759483 3.485873 0.652387 1.524900 0.824495 1.996344 1.696830 2.095275 0.934638 0.774040 0.944132 1.294603 1.108354 1.102761 2.968259 1.261597 1.763527 1.594999 1.092549 0.528396 1.417299 4.094359 0.709056 0.341786 2.433391 0.887589 0.896038 1.286013 0.641003 1.513113 1.602204 1.678587 0.515552 0.719122 0.893777 1.131197 1.000645 1.011850 0.887285 0.825260 2.066100 18.312320 2.747084 2.063159 1.129636 1.486300 1.036171 1.737991 1.631421 3.245286 1.000000 25.408293 27.180287 0.130190 3.855702 0.000000 518.916403 375.368094 1.080963 2577.727343 402920.483193 102766.273612 0.000000 3259.151860 4.460718 33.363907 0.000000 15777.068664 744818.541809 161281.180697 194949.060850 151339.464051 709897.949802 0.104528 8815211514518683514830848.000000 64.521739 28.836309 -26134.546414 0.069529
5.110000e+03 1692.160914 4925.604965 6730.368099 4206.579095 404613.415131 98014.830386 75994.515425 6427.533578 8350.892780 4107.638004 47.595551 325.078480 511.947344 10937.489823 16597.390720 22221.487351 3586266.126370 3153315.914568 649103.755194 2172397.500898 1442334.388453 808723.260565 93808.958253 659493.909206 147645.284529 34963.645102 64430.828050 25518.633522 284339.592237 158889.637970 412996.416835 58945.763224 86381.413932 73640.215785 1700386.228581 238903.790303 49690.012051 386098.465253 463175.680822 20907.737833 383862.777101 171192.597740 2605.535313 208168.166523 701843.771555 1789599.777815 750826.617028 418805.247875 240942.542876 290961.502040 3004.632919 3463289.075079 1735723.600556 3153981.684806 1503570.276827 447234.255377 1830.836196 34624.124439 113712.957713 3274825.922050 5858008.931040 56563700.708223 6650251.845736 676766.905095 5267572.759873 18464242.552405 13099117.891361 13030308.303461 73666.047745 1286190.057096 3.582184 55672261.904050 120890305.958641 582.681867 3171866.544259 0.000000 19492261.975268 17814080.649431 3688731665.629551 1.221589 0.727346 1.263203 0.971892 0.809209 0.489147 1.183482 1.113235 1.123210 0.558435 0.614258 1.161963 1.497906 1.777978 1.363009 1.144395 1.516190 3.972607 2.120969 1.208026 4.936362 3.462545 0.671835 1.542477 0.829668 2.029389 1.764446 2.131242 0.945435 0.779700 0.953965 1.318751 1.129854 1.124639 3.056927 1.288728 1.793552 1.650169 1.100391 0.700229 0.730444 4.345974 0.009477 0.470129 2.405782 0.885031 0.893602 1.329666 0.666120 1.559639 1.661845 1.661287 0.490165 0.701398 0.883372 1.143959 1.000699 1.012757 0.877002 0.797144 2.184496 22.432820 2.816337 2.183839 1.137353 1.460756 1.036306 2.142642 1.684334 3.401215 1.000000 24.570854 27.195029 0.144688 3.881447 0.000000 305.585285 279.275998 1.088982 2556.449238 404613.415131 98014.830386 0.000000 3151.813501 4.273162 33.463587 0.000000 20907.737833 383862.777101 171192.597740 2605.535313 208168.166523 701843.771555 0.104280 9114479241657350663176192.000000 64.358696 33.845307 -27035.646428 0.068130
5.475000e+03 1707.528921 4887.249883 6861.657076 4177.394817 405802.725798 93509.026407 76907.223156 6485.377657 8395.631624 3965.178200 45.693701 326.023700 523.232030 11256.088715 17930.649528 22925.444853 3616253.627061 3198986.343591 653194.721264 2161536.534672 1488445.501019 801286.984285 96716.408983 665797.614390 148691.416380 35360.315142 66221.986547 25830.080457 287173.009116 159861.519635 416927.282807 59763.755932 87846.509074 74982.737141 1743070.950809 243939.037507 50156.484574 399297.172530 466477.567090 23119.614553 110096.757019 172944.096679 196291.178523 235975.063361 672729.792395 1783196.932300 747819.399026 432684.026567 247949.439749 299863.619163 3116.123112 3385107.218232 1650424.290828 3076189.579527 1483682.259105 452263.428995 1830.930085 34652.779292 112354.049584 3145788.764380 6187025.724538 65450923.249006 6694183.037317 716225.381931 5301318.733579 18177963.186494 13080294.511795 15366436.742092 76062.646941 1403140.717621 3.806666 54618913.610699 118636922.697633 620.848319 3168948.283590 0.000000 11662661.764321 12461004.712600 3713073681.409805 1.232683 0.721683 1.287844 0.965149 0.811588 0.466661 1.197696 1.123254 1.129228 0.539068 0.589713 1.165342 1.530924 1.829769 1.472499 1.180648 1.528868 4.030143 2.134337 1.201986 5.094176 3.430707 0.692657 1.557221 0.835546 2.052413 1.813497 2.157253 0.954856 0.784469 0.963044 1.337051 1.149017 1.145142 3.133665 1.315890 1.810390 1.706580 1.108236 0.774307 0.209501 4.390439 0.713937 0.532928 2.305985 0.881864 0.890023 1.373729 0.685492 1.607357 1.723510 1.623785 0.466077 0.684098 0.871688 1.156823 1.000750 1.013595 0.866522 0.765734 2.307189 25.957438 2.834942 2.311166 1.144639 1.438107 1.034817 2.526784 1.739131 3.710481 1.000000 24.105960 26.688116 0.154165 3.877875 0.000000 182.838596 195.354427 1.096168 2539.154237 405802.725798 93509.026407 0.000000 3056.241462 4.102174 33.555287 0.000000 23119.614553 110096.757019 172944.096679 196291.178523 235975.063361 672729.792395 0.104431 9416567576652564813316096.000000 64.271739 38.536443 -27944.748179 0.066567
5.840000e+03 1721.971056 4851.552770 6984.852393 4146.723206 406244.111161 89220.032777 77776.555821 6532.404874 8433.461134 3840.812403 44.003086 326.826075 534.449623 11569.094891 18596.271812 23694.235898 3617702.882866 3193038.652088 654127.990376 2148954.855972 1529197.644695 792216.186473 99766.844817 670829.978746 149836.572954 35639.447917 67362.795599 26050.515147 289492.558684 160551.583455 420335.149783 60306.871061 89134.928712 76230.902887 1776819.835422 248998.159064 50290.282616 412781.010704 469798.013033 19425.980347 619544.440389 161241.659059 2613.044237 197906.186448 623075.584794 1776305.069304 743987.943090 444785.857417 250782.614959 308995.330693 3231.353193 3296033.883525 1569447.670322 3000292.167689 1462528.689004 457382.387295 1831.021560 34679.986822 110970.442263 3009947.036138 6527129.553935 72173569.375713 6623270.416354 757768.417269 5331338.064590 17933683.570633 13048128.979172 17226945.164590 78559.376935 1406879.890484 4.015167 54231089.790387 115136010.510616 617.273946 3146059.049242 0.000000 9365656.531381 10381530.983250 3733061160.809747 1.243109 0.716411 1.310967 0.958063 0.812471 0.445256 1.211235 1.131399 1.134316 0.522160 0.567894 1.168210 1.563745 1.880651 1.527161 1.220240 1.529480 4.022650 2.137386 1.194990 5.233650 3.391870 0.714503 1.568991 0.841981 2.068615 1.844739 2.175663 0.962569 0.787855 0.970916 1.349202 1.165869 1.164204 3.194339 1.343181 1.815219 1.764210 1.116125 0.650603 1.178917 4.093355 0.009504 0.446953 2.135781 0.878456 0.885463 1.412152 0.693324 1.656305 1.787243 1.581058 0.443209 0.667220 0.859260 1.169917 1.000800 1.014391 0.855851 0.732668 2.434016 28.623599 2.804911 2.445220 1.151121 1.418782 1.032272 2.832717 1.796217 3.720369 1.000000 23.934795 25.900564 0.153277 3.849866 0.000000 146.827845 162.753974 1.102069 2523.510047 406244.111161 89220.032777 0.000000 2971.385210 3.950196 33.633602 0.000000 19425.980347 619544.440389 161241.659059 2613.044237 197906.186448 623075.584794 0.104659 9679978830579316547387392.000000 64.282609 42.736727 -28737.601657 0.064974
6.205000e+03 1735.360868 4817.312419 7099.472808 4115.241118 405833.829093 85178.091454 78605.891354 6569.675367 8466.616196 3731.975949 42.433243 327.440779 545.583084 11876.485676 21216.901857 24525.308984 3592075.662476 3159358.339847 648694.879130 2133960.843546 1563855.478468 781688.695287 102808.771891 674574.481242 151061.676689 35824.451325 67728.926656 26188.208894 291152.630698 160773.395855 423094.990309 60515.488074 90207.602341 77365.671538 1796871.017891 254094.212221 50097.503810 426543.494931 473129.699993 14740.136444 1160259.664491 169324.719446 193486.432177 145157.782658 564154.100464 1769187.298989 739804.792993 455449.739188 249579.479909 318360.235148 3350.415451 3180965.799906 1492436.834701 2926299.166511 1440640.888933 462615.393734 1831.111393 34706.467785 109562.623151 2879140.877366 6876864.316309 78418866.209563 6503900.468232 802365.128017 5356604.064556 17733261.061940 13029891.060408 18474120.688964 81156.412817 1234499.609740 4.187089 54637476.988115 111651036.650019 533.007092 3117045.602275 0.000000 8134193.171202 9310387.344671 3751685946.490287 1.252775 0.711355 1.332479 0.950789 0.811650 0.425085 1.224150 1.137854 1.138775 0.507364 0.547634 1.170407 1.596321 1.930620 1.742372 1.263040 1.518646 3.980219 2.119633 1.186652 5.352265 3.346797 0.736289 1.577749 0.848865 2.079353 1.854765 2.187163 0.968089 0.788944 0.977291 1.353869 1.179900 1.181535 3.230386 1.370670 1.808261 1.823030 1.124040 0.493667 2.207832 4.298556 0.703736 0.327826 1.933809 0.874936 0.880484 1.446008 0.689998 1.706504 1.853096 1.525861 0.421461 0.650765 0.846400 1.183302 1.000849 1.015165 0.844993 0.700828 2.564435 31.100445 2.754359 2.589128 1.156576 1.402926 1.030830 3.037797 1.855597 3.264525 1.000000 24.114153 25.116597 0.132353 3.814362 0.000000 127.521872 145.961376 1.107567 2508.663539 405833.829093 85178.091454 0.000000 2895.711099 3.809071 33.693814 0.000000 14740.136444 1160259.664491 169324.719446 193486.432177 145157.782658 564154.100464 0.104816 9912094364477177242583040.000000 64.271739 47.042687 -29436.429570 0.063540
6.570000e+03 1747.570223 4784.464255 7204.779800 4083.236658 404641.058050 81383.237966 79405.453922 6594.393651 8487.682205 3637.040786 40.912872 327.876711 556.642422 12177.740766 22612.679467 25416.275120 3548688.772630 3120286.390542 641450.787785 2118286.506056 1593774.323080 770419.895399 105926.823151 677271.034168 152349.844094 36004.382413 67565.818945 26309.025048 292407.466066 160674.695589 425353.538480 60523.368406 91174.835606 78429.492771 1804125.704030 259251.767384 49718.263459 440599.257459 476480.226681 15659.193337 850976.030945 165109.051910 2561.295993 152339.494869 498689.095053 1763386.633258 736475.888957 468006.513466 246004.785908 327960.401975 3473.435910 3100776.688177 1419169.212080 2854241.822985 1418139.263099 467970.734412 1831.198634 34732.142954 108130.448992 2754890.618025 7230869.106092 84511123.398880 6367376.338242 849645.390301 5386518.487404 17643010.986106 13022393.512361 19141857.782972 83857.799047 1184118.646820 4.398980 55557378.684097 108315147.672166 370.966341 3087220.940275 0.000000 7202102.482735 8483356.900665 3769014127.369663 1.261589 0.706505 1.352244 0.943395 0.809264 0.406146 1.236602 1.142135 1.141609 0.494457 0.528013 1.171965 1.628679 1.979591 1.856996 1.308924 1.500303 3.930996 2.095963 1.177936 5.454662 3.298550 0.758620 1.584056 0.856104 2.089797 1.850298 2.197253 0.972261 0.788459 0.982508 1.354045 1.192551 1.197782 3.243429 1.398492 1.794572 1.883104 1.132000 0.524448 1.619303 4.191535 0.009316 0.344045 1.709408 0.872067 0.876522 1.485875 0.680115 1.757964 1.921137 1.487396 0.400771 0.634740 0.833180 1.197000 1.000897 1.015916 0.833947 0.670584 2.696446 33.516598 2.696542 2.741695 1.163035 1.395786 1.030236 3.147596 1.917363 3.131297 1.000000 24.520150 24.366168 0.092116 3.777865 0.000000 112.909243 132.995803 1.112683 2494.368050 404641.058050 81383.237966 0.000000 2828.592679 3.672238 33.736179 0.000000 15659.193337 850976.030945 165109.051910 2561.295993 152339.494869 498689.095053 0.105236 10185420299046264321867776.000000 64.250000 51.259410 -30258.814983 0.062279
6.935000e+03 1758.508368 4752.450138 7301.104739 4051.033831 402761.205608 77818.389935 80183.861626 6607.857108 8498.663686 3553.915269 39.514100 328.149579 567.622217 12473.463674 23917.772749 26364.577346 3494663.352415 3083371.052047 635157.714685 2102677.642565 1619719.017900 758700.571837 109081.204425 679145.095100 153683.723219 36218.655889 67169.447325 26434.673573 293413.614016 160461.744863 427206.945571 60407.481780 92042.218458 79431.187882 1803035.645816 264495.014182 49220.831807 454962.299534 479857.606920 20040.188618 121419.490083 156458.450243 188819.378302 199824.869753 433182.548374 1759921.188160 734152.589767 482745.706332 241126.631228 337795.867912 3600.543254 3024723.360208 1349398.481510 2784114.369492 1395109.068140 473453.866269 1831.282578 34756.835645 106674.035864 2638069.585259 7588308.127728 90469491.096003 6221107.326630 900304.991084 5422491.351479 17646100.254057 13032319.496038 19379549.452932 86666.340922 1277019.786209 4.671154 56884666.778967 105601104.355684 181.989982 3064037.326754 0.000000 6493506.209007 7845185.841301 3785309515.519495 1.269486 0.701777 1.370323 0.935955 0.805505 0.388356 1.248724 1.144467 1.143086 0.483156 0.509960 1.172941 1.660805 2.027663 1.964172 1.357761 1.477462 3.884489 2.075400 1.169256 5.543457 3.248373 0.781210 1.588439 0.863600 2.102234 1.839444 2.207747 0.975606 0.787414 0.986789 1.351453 1.203896 1.213079 3.241469 1.426776 1.776617 1.944491 1.140024 0.671173 0.231046 3.971926 0.686761 0.451286 1.484865 0.870354 0.873757 1.532670 0.666629 1.810685 1.991440 1.450914 0.381067 0.619145 0.819650 1.211025 1.000943 1.016638 0.822715 0.642148 2.829738 35.879650 2.634598 2.905167 1.170803 1.396030 1.031022 3.186681 1.981579 3.376965 1.000000 25.105947 23.755627 0.045191 3.749495 0.000000 101.800394 122.991029 1.117493 2480.401721 402761.205608 77818.389935 0.000000 2768.906631 3.546280 33.762432 0.000000 20040.188618 121419.490083 156458.450243 188819.378302 199824.869753 433182.548374 0.105999 10506267876953866085859328.000000 64.239130 55.556849 -31223.706918 0.061208
7.300000e+03 1768.102562 4722.223259 7388.443584 4018.780193 400276.997272 74470.580623 80948.195439 6610.635945 8498.738168 3480.589107 38.245801 328.283879 578.507887 12760.778328 23891.023751 27367.831191 3434358.430354 3049028.132350 628803.956314 2087405.630535 1641803.838044 746604.384867 112241.721306 680310.999561 155046.755230 36458.164210 66646.757590 26568.227439 294192.644962 160180.686967 428715.862418 60179.486256 92817.689176 80371.989559 1795407.851943 269797.826602 48635.049538 469637.460116 483286.083881 21371.746064 464382.389119 163604.851687 2490.877248 216932.799935 370239.013501 1759510.321185 732889.469090 496792.284597 235713.559834 347864.065842 3731.842962 2949427.610710 1282983.478861 2715882.182233 1371607.155344 479069.068714 1831.363465 34780.547857 105193.512877 2529737.531201 7946737.602676 96297077.422031 6067130.057795 953804.924885 5460359.846945 17716032.534354 13052371.113224 19337762.599167 89606.238851 1324799.316302 4.945382 58329969.237784 103342534.113130 66.525274 3047039.595904 0.000000 5969043.165232 7352106.835750 3800392575.090826 1.276412 0.697314 1.386715 0.928503 0.800537 0.371649 1.260627 1.144948 1.143096 0.473188 0.493592 1.173421 1.692655 2.074369 1.961976 1.409429 1.451967 3.841223 2.054639 1.160764 5.619042 3.196584 0.803845 1.591166 0.871259 2.116135 1.825130 2.218901 0.978197 0.786035 0.990274 1.346352 1.214039 1.227447 3.227756 1.455381 1.755474 2.007212 1.148169 0.715769 0.883663 4.153348 0.009060 0.489923 1.269107 0.870150 0.872254 1.577267 0.651664 1.864653 2.064061 1.414796 0.362312 0.603971 0.805842 1.225388 1.000987 1.017332 0.811297 0.615778 2.963399 38.190835 2.569389 3.077804 1.178979 1.401563 1.032608 3.179810 2.048798 3.503314 1.000000 25.743828 23.247548 0.016519 3.728694 0.000000 93.578250 115.260900 1.121946 2467.360239 400276.997272 74470.580623 0.000000 2715.522363 3.431997 33.775150 0.000000 21371.746064 464382.389119 163604.851687 2490.877248 216932.799935 370239.013501 0.106816 10812056353808792789450752.000000 64.217391 59.941131 -32143.238799 0.060337
7.665000e+03 1776.301011 4694.229837 7467.736966 3985.691859 397229.575807 71367.787192 81707.377467 6605.231084 8492.449720 3414.789239 37.096908 328.300454 589.267794 13036.441565 26205.989127 28416.209808 3364957.614920 3009603.484123 619165.460695 2071279.421345 1657686.007375 733894.470784 115447.649775 680758.818394 156422.816148 36643.732830 65868.718074 26668.813969 294578.742476 159648.605281 429834.734149 59746.136893 93437.914987 81222.541963 1779728.725526 275148.034590 47911.506501 484611.633815 486774.430209 17492.498568 1098211.100869 156408.289707 184278.175661 176716.762974 315284.924761 1761995.224380 732607.402952 507839.958031 229709.676760 358158.641020 3867.388883 2846952.829164 1219745.286330 2649495.072466 1347670.238801 484820.320513 1831.442745 34803.901879 103689.462738 2430834.902008 8304835.691317 102020985.201327 5907584.545003 1011026.753079 5495822.363137 17818779.538530 13093811.467565 19158842.116814 92672.063977 1173018.055141 5.168730 59968491.095808 101794255.292932 46.602863 3040681.640639 0.000000 5598875.619130 7030775.493070 3814859424.509680 1.282331 0.693180 1.401598 0.920858 0.794442 0.356164 1.272450 1.144012 1.142250 0.464242 0.478765 1.173480 1.724138 2.119180 2.152085 1.463419 1.422626 3.791555 2.023145 1.151796 5.673399 3.142166 0.826805 1.592213 0.878992 2.126906 1.803823 2.227302 0.979481 0.783424 0.992859 1.336657 1.222152 1.240437 3.199568 1.484242 1.729358 2.071211 1.156456 0.585848 2.089761 3.970653 0.670245 0.399099 1.080735 0.871379 0.871918 1.612342 0.635065 1.919835 2.139031 1.365640 0.344454 0.589208 0.791778 1.240099 1.001030 1.018015 0.799697 0.591703 3.096936 40.460902 2.501823 3.262452 1.186636 1.409691 1.035886 3.150389 2.118896 3.101942 1.000000 26.466987 22.899253 0.011572 3.720914 0.000000 87.775036 110.223305 1.126217 2455.276206 397229.575807 71367.787192 0.000000 2666.959652 3.328468 33.775957 0.000000 17492.498568 1098211.100869 156408.289707 184278.175661 176716.762974 315284.924761 0.107481 11052574472896195330048000.000000 64.206522 64.665340 -32866.728872 0.059688
8.030000e+03 1783.071617 4668.315984 7538.675238 3952.129690 393721.755490 68483.017716 82470.095998 6588.352603 8473.660860 3355.607773 36.055637 328.250417 599.898056 13303.040135 27544.787236 29510.649115 3293404.682167 2963618.775874 609578.770763 2055061.378122 1667951.982873 720899.966964 118666.166817 680736.293663 157798.979046 36781.413678 65179.909527 26759.053700 294749.642643 158924.964498 430702.812531 59198.330441 93995.761684 82017.292579 1758977.983620 280536.932970 47133.379554 499893.853534 490328.457971 13496.470111 1025186.134731 150608.950173 2416.431590 131354.457973 273448.231085 1767838.810439 733697.647208 518006.249832 223417.898629 368676.504950 4007.291400 2772451.109611 1159591.500309 2584891.022931 1323346.928744 490709.667361 1831.521335 34827.044818 102162.238027 2341109.513122 8660249.774906 107664067.540438 5752944.211483 1070969.917664 5536010.206139 17992118.128899 13142241.048850 18914947.268766 95861.180230 1077813.962189 5.420528 61512952.282393 100546545.686663 55.479515 3040775.892480 0.000000 5331720.537019 6810387.207644 3828536443.127875 1.287218 0.689353 1.414912 0.913104 0.787426 0.341767 1.284328 1.141089 1.139723 0.456196 0.465326 1.173301 1.755241 2.162518 2.262030 1.519782 1.392375 3.733623 1.991820 1.142778 5.708534 3.086530 0.849855 1.592160 0.886725 2.134898 1.784960 2.234839 0.980049 0.779873 0.994864 1.324401 1.229448 1.252575 3.162263 1.513311 1.701271 2.136526 1.164900 0.452015 1.950804 3.823428 0.008789 0.296652 0.937327 0.874269 0.873216 1.644619 0.617671 1.976214 2.216410 1.329903 0.327466 0.574841 0.777488 1.255163 1.001073 1.018692 0.787918 0.569863 3.229473 42.698914 2.436334 3.455880 1.195313 1.423405 1.039718 3.110284 2.191814 2.850183 1.000000 27.148632 22.618573 0.013776 3.721030 0.000000 83.586776 106.768220 1.130255 2443.790064 393721.755490 68483.017716 0.000000 2622.806416 3.234539 33.769374 0.000000 13496.470111 1025186.134731 150608.950173 2416.431590 131354.457973 273448.231085 0.108246 11273904582287799181377536.000000 64.206522 69.265551 -33532.509065 0.059241
8.395000e+03 1788.410561 4642.256327 7600.643224 3917.868959 389859.359368 65819.914220 83240.074933 6559.413237 8444.553400 3302.116787 35.111147 328.169220 610.378224 13562.350080 28804.082918 30654.929541 3224594.775555 2906153.887957 602686.413131 2039297.741623 1673528.171897 707808.428132 121833.242231 680441.655745 159161.550759 36875.998641 64411.314051 26843.565441 294841.918880 158193.375564 431426.711033 58612.587430 94501.182961 82770.335743 1737289.044668 285956.315799 46350.670918 515501.213188 493934.662140 14685.357099 301822.307853 155694.617727 179372.487527 140404.438683 252011.975950 1776096.925748 736221.428238 528479.411846 217348.432465 379416.054994 4151.683017 2708216.337531 1102388.957235 2522005.558286 1298698.111468 496738.377953 1831.599628 34850.026308 100612.506840 2259620.855312 9009400.950608 113250151.037890 5607156.225127 1134139.992026 5583013.948164 18212495.675170 13195998.480991 18654476.003803 99169.266864 1136289.438830 5.755520 63007597.035056 99692643.855081 68.686072 3047270.329172 0.000000 5134394.631681 6674364.659219 3841845348.840853 1.291073 0.685505 1.426543 0.905188 0.779702 0.328477 1.296319 1.136077 1.135808 0.448924 0.453137 1.173011 1.785905 2.204671 2.365445 1.578712 1.363283 3.661227 1.969299 1.134012 5.727618 3.030479 0.872537 1.591471 0.894381 2.140388 1.763912 2.241897 0.980356 0.776283 0.996536 1.311297 1.236059 1.264075 3.123271 1.542545 1.673019 2.203232 1.173467 0.491833 0.574331 3.952535 0.652402 0.317091 0.863848 0.878353 0.876219 1.677870 0.600891 2.033781 2.296272 1.299090 0.311312 0.560856 0.763007 1.270583 1.001116 1.019364 0.775966 0.550027 3.359674 44.914321 2.374593 3.659722 1.205462 1.440839 1.043971 3.067454 2.267451 3.004817 1.000000 27.808291 22.426482 0.017056 3.728977 0.000000 80.493246 104.635759 1.134184 2431.987384 389859.359368 65819.914220 0.000000 2582.587919 3.149293 33.759385 0.000000 14685.357099 301822.307853 155694.617727 179372.487527 140404.438683 252011.975950 0.109285 11501911598019564940558336.000000 64.184783 73.865727 -34218.344306 0.058987
8.760000e+03 1792.331589 4615.952484 7653.176818 3883.030797 385730.244196 63348.235249 84017.816315 6518.286290 8405.045173 3253.618003 34.251333 328.083045 620.676939 13815.274167 28087.111022 31851.786308 3162169.039710 2843874.146335 598143.798188 2024460.059281 1675735.810943 694807.894129 125069.328309 680039.565782 160497.675545 36923.318959 63476.414137 26926.933243 294934.660565 157569.346795 432082.062987 58031.443610 94979.458956 83493.549704 1717602.218033 291389.451980 45595.890840 531447.609647 497600.868307 18450.278963 183575.942846 148495.651859 2344.294359 180111.664979 262712.562910 1785976.851913 739935.612057 537449.896821 211613.115738 390374.294590 4300.688782 2656500.212284 1048059.523186 2460769.194024 1273765.395743 502907.083476 1831.677736 34872.802487 99040.847415 2185356.261411 9350017.807910 118789569.306899 5469214.079615 1199531.071721 5633024.617058 18448857.341634 13243758.284659 18396065.606905 102619.473500 1249583.299163 6.136056 64262890.002699 98965128.508341 85.992841 3055531.044137 0.000000 4979957.938562 6573980.569122 3854638911.849621 1.293903 0.681621 1.436402 0.897139 0.771444 0.316142 1.308431 1.128953 1.130494 0.442331 0.442040 1.172703 1.816038 2.245785 2.306566 1.640350 1.336891 3.582766 1.954456 1.125761 5.735174 2.974817 0.895713 1.590531 0.901889 2.143134 1.738309 2.248859 0.980664 0.773221 0.998050 1.298295 1.242315 1.275120 3.087878 1.571854 1.645776 2.271386 1.182177 0.617925 0.349323 3.769779 0.008527 0.406766 0.900527 0.883239 0.880640 1.706351 0.585035 2.092520 2.378686 1.274283 0.295970 0.547238 0.748358 1.286362 1.001159 1.020030 0.763845 0.531950 3.486693 47.111221 2.316176 3.870730 1.216260 1.459539 1.047749 3.024962 2.346338 3.304412 1.000000 28.362312 22.262823 0.021353 3.739086 0.000000 78.072102 103.062011 1.137961 2419.746515 385730.244196 63348.235249 0.000000 2545.929415 3.071675 33.748737 0.000000 18450.278963 183575.942846 148495.651859 2344.294359 180111.664979 262712.562910 0.110332 11697206191782870814556160.000000 64.163043 78.393368 -34806.036901 0.058895
9.125000e+03 1794.865429 4590.089927 7697.627866 3847.545773 381362.055774 61074.997423 84803.874272 6468.307573 8362.050539 3208.957543 33.455586 327.989582 630.731310 14062.954288 29228.491736 33098.815469 3101269.659523 2775846.135092 592843.978282 2009737.160600 1673080.617757 681697.381769 128272.929963 679494.026103 161794.889251 36854.498549 62240.498990 26969.036963 294911.752397 156932.658725 432599.871591 57373.326597 95360.854750 84159.425182 1698040.187560 296802.416991 44809.768601 547721.899374 501325.128154 19129.221426 701170.810766 145340.059869 175355.242284 190139.720687 301025.498712 1796719.327374 744314.373044 542493.186252 206150.234656 401543.013965 4454.365944 2580135.497231 996456.303977 2401093.222573 1248564.708299 509216.874288 1831.756031 34895.671749 97448.233040 2118280.162102 9681545.182805 124308829.703292 5335921.786449 1268264.796659 5679682.967424 18653550.325968 13294418.018068 18172345.392929 106210.914707 1232348.850702 6.486096 65405834.267421 98701817.473950 108.524023 3067930.044456 0.000000 4858259.597690 6526635.897974 3867421433.904725 1.295732 0.677802 1.444745 0.888941 0.762708 0.304797 1.320673 1.120297 1.124711 0.436259 0.431771 1.172369 1.845456 2.286048 2.400299 1.704571 1.311144 3.497063 1.937139 1.117574 5.726086 2.918684 0.918656 1.589255 0.909179 2.139140 1.704464 2.252376 0.980588 0.770097 0.999246 1.283572 1.247303 1.285290 3.052710 1.601053 1.617401 2.340942 1.191025 0.640664 1.334242 3.689670 0.637791 0.429413 1.031856 0.888552 0.885851 1.722363 0.569932 2.152388 2.463684 1.237652 0.281397 0.533967 0.733552 1.302502 1.001202 1.020699 0.751562 0.515623 3.610322 49.300126 2.259727 4.092525 1.226334 1.475732 1.051757 2.988174 2.428455 3.258837 1.000000 28.866749 22.203590 0.026948 3.754258 0.000000 76.164205 102.319777 1.141734 2407.515870 381362.055774 61074.997423 0.000000 2511.996372 2.999914 33.737670 0.000000 19129.221426 701170.810766 145340.059869 175355.242284 190139.720687 301025.498712 0.111137 11807009451145745930387456.000000 64.163043 83.332910 -35137.166502 0.058978
9.490000e+03 1796.049514 4564.715803 7734.104142 3810.775026 376794.635657 58985.824280 85597.341182 6409.212261 8312.748075 3167.729363 32.712055 327.903258 640.514384 14305.419653 30248.762080 34390.343628 3040326.344429 2707012.156561 586162.519835 1994794.225745 1665586.500632 668576.909877 131409.427680 678862.405093 163043.974867 36654.448180 60739.762280 26969.900678 294715.660226 156184.377998 432993.890810 56636.303479 95684.422036 84778.093071 1677583.133905 302158.595438 44002.518922 564318.043085 505103.414230 15426.498930 1031112.926397 148115.265446 2280.010598 152993.364835 340683.809564 1808249.064030 749195.467450 543337.740938 200838.684297 412912.758041 4612.782650 2511763.636841 947475.065852 2342848.283096 1223107.253629 515668.356889 1831.834678 34918.696138 95835.474792 2057833.174204 9994562.357776 129826521.223369 5209310.184554 1339245.729378 5725078.588004 18846327.574448 13341104.448888 17992918.235445 109929.414266 1108146.717604 6.803917 66294979.843570 98586066.597286 137.752797 3081287.479323 0.000000 4756234.151346 6496261.069420 3879966002.981448 1.296587 0.674055 1.451591 0.880445 0.753573 0.294371 1.333030 1.110062 1.118080 0.430654 0.422175 1.172060 1.874080 2.325463 2.484085 1.771084 1.285379 3.410345 1.915307 1.109264 5.700438 2.862509 0.941119 1.587778 0.916198 2.127528 1.663366 2.252448 0.979936 0.766425 1.000156 1.267083 1.251535 1.294738 3.015932 1.629946 1.588263 2.411873 1.200001 0.516654 1.962082 3.760123 0.008293 0.345522 1.167797 0.894254 0.891660 1.725044 0.555247 2.213333 2.551304 1.204855 0.267565 0.521014 0.718596 1.319004 1.001245 1.021373 0.739123 0.500909 3.727048 51.488409 2.206108 4.321571 1.236136 1.490983 1.055450 2.958670 2.513476 2.930396 1.000000 29.259171 22.177551 0.034206 3.770604 0.000000 74.564726 101.843582 1.145438 2395.309995 376794.635657 58985.824280 0.000000 2480.514688 2.932882 33.727269 0.000000 15426.498930 1031112.926397 148115.265446 2280.010598 152993.364835 340683.809564 0.111629 11825404096015026733711360.000000 64.163043 88.335033 -35193.992413 0.059211
9.855000e+03 1795.935191 4540.291112 7763.896291 3772.906929 372090.798138 57079.073377 86399.704546 6342.441613 8259.704134 3129.743942 32.020462 327.837553 650.013347 14543.175335 31761.309331 35722.380876 2981794.054073 2643090.407972 581284.367751 1980274.884130 1654157.440406 655596.476307 134547.849161 678210.972625 164236.534881 36350.710278 59116.673098 26941.406078 294462.200569 155409.377373 433325.677104 55879.573128 95973.029956 85364.965372 1657518.492764 307432.589477 43208.028472 581243.392721 508920.479790 12214.259792 630604.311713 141025.302198 171133.892377 116767.555226 366187.596947 1820167.271229 754494.787067 542485.773343 195859.020895 424474.487398 4776.042009 2454929.168222 900965.664548 2285918.127061 1197429.025375 522261.985244 1831.913837 34941.878192 94203.725543 2003222.905231 10294802.948215 135341806.483369 5092461.187079 1413146.154076 5775796.182330 19042801.095727 13386730.337187 17862966.545747 113768.820157 1107662.337547 7.204448 67084104.328423 98706220.951555 175.572699 3096867.076684 0.000000 4676204.406725 6497439.620177 3892520289.818657 1.296505 0.670448 1.457183 0.871696 0.744165 0.284856 1.345525 1.098498 1.110945 0.425490 0.413249 1.171826 1.901873 2.364112 2.608298 1.839683 1.260633 3.329815 1.899367 1.101190 5.661322 2.806934 0.963596 1.586254 0.922899 2.109898 1.618917 2.250068 0.979093 0.762622 1.000922 1.250153 1.255310 1.303701 2.979861 1.658396 1.559586 2.484211 1.209070 0.409072 1.199963 3.580133 0.622437 0.263709 1.255219 0.900148 0.897967 1.722339 0.541480 2.275307 2.641601 1.177592 0.254431 0.508354 0.703509 1.335869 1.001288 1.022051 0.726539 0.487616 3.839010 53.675737 2.156623 4.560039 1.247087 1.506527 1.059060 2.937302 2.601262 2.929115 1.000000 29.607450 22.204580 0.043597 3.789669 0.000000 73.310079 101.862059 1.149144 2383.363603 372090.798138 57079.073377 0.000000 2451.406852 2.870527 33.718985 0.000000 12214.259792 630604.311713 141025.302198 171133.892377 116767.555226 366187.596947 0.112092 11806859985907382656958464.000000 64.163043 93.336354 -35139.935255 0.059589
1.022000e+04 1794.583171 4517.126782 7786.375718 3734.135157 367323.907310 55318.109481 87208.351989 6268.503986 8201.520241 3095.077333 31.376043 327.808426 659.232980 14776.862415 30874.850908 37096.114879 2930655.172816 2589486.343044 579330.511748 1967387.564489 1641199.165255 642972.193095 137606.565918 677719.142791 165365.356320 36000.231495 57587.397905 26912.855911 294291.247638 154772.592752 433683.780565 55183.918048 96276.500214 85945.453457 1640965.512357 312603.742864 42482.981443 598517.276056 512770.523144 13667.404585 96314.482589 140282.309480 2217.470939 128340.465976 377662.655757 1831944.679877 760133.173814 540685.793368 191509.008763 436219.756799 4944.281247 2420961.959213 856830.447291 2230274.572686 1171571.653729 528997.939639 1831.993442 34965.021879 92554.051430 1953731.984567 10581892.093100 140843988.157473 4984640.504570 1488537.405040 5832450.468954 19236397.895505 13419532.084678 17768601.558370 117728.170920 1231734.613226 7.700583 67571575.700591 98809501.936224 224.391070 3110457.516212 0.000000 4608629.322208 6500510.875250 3904763235.084246 1.295529 0.667028 1.461402 0.862738 0.734632 0.276067 1.358118 1.085692 1.103119 0.420777 0.404932 1.171721 1.928849 2.402099 2.535501 1.910430 1.239013 3.262284 1.892983 1.094024 5.616973 2.752883 0.985501 1.585104 0.929243 2.089556 1.577038 2.247684 0.978525 0.759497 1.001750 1.234590 1.259280 1.312566 2.950102 1.686291 1.533416 2.558039 1.218217 0.457740 0.183275 3.561271 0.008065 0.289845 1.294553 0.905972 0.904678 1.716624 0.529454 2.338265 2.734654 1.161299 0.241967 0.495979 0.688318 1.353099 1.001331 1.022728 0.713816 0.475569 3.946068 55.857869 2.110962 4.803316 1.259319 1.521843 1.061655 2.921785 2.691790 3.257213 1.000000 29.822595 22.227814 0.055719 3.806300 0.000000 72.250686 101.910208 1.152758 2371.873585 367323.907310 55318.109481 0.000000 2424.812322 2.812415 33.714364 0.000000 13667.404585 96314.482589 140282.309480 2217.470939 128340.465976 377662.655757 0.112510 11767675063600819386449920.000000 64.152174 98.116663 -35023.869243 0.060078
1.058500e+04 1792.032970 4495.423539 7803.244631 3694.764777 362507.513919 53700.111107 88017.286037 6191.679647 8145.573372 3063.094842 30.767718 327.798965 668.139745 15007.525484 31211.793102 38509.634203 2883533.958071 2539951.518623 577343.356879 1955289.204671 1626180.249023 630467.561694 140608.552017 677242.392770 166422.994818 35579.712364 56105.033621 26858.958719 294133.677711 154218.970577 433990.277209 54486.971523 96520.840618 86494.984706 1625543.056657 317644.249333 41775.036926 616130.834220 516654.217938 16899.950715 433233.658842 141439.724524 167676.169756 161785.819792 369378.556445 1842241.571125 765549.888402 537237.680299 187730.540424 448135.306968 5117.560683 2366922.463738 814933.712294 2175972.497182 1145548.676526 535877.216735 1832.073698 34988.288114 90887.996794 1908651.936978 10856093.565958 146346146.924874 4881084.318369 1566709.164275 5887993.828344 19370580.105999 13448710.807453 17724604.399449 121823.931343 1299613.415210 8.197720 67865694.895498 99291869.778552 287.260892 3124517.097194 0.000000 4554609.106781 6531376.017040 3917071611.052331 1.293688 0.663823 1.464568 0.853642 0.724999 0.267993 1.370716 1.072386 1.095594 0.416429 0.397082 1.171688 1.954909 2.439596 2.563171 1.983225 1.219091 3.199879 1.886490 1.087296 5.565571 2.699344 1.007001 1.583989 0.935186 2.065147 1.536443 2.243182 0.978001 0.756780 1.002457 1.218998 1.262476 1.320958 2.922376 1.713481 1.507863 2.633319 1.227443 0.566002 0.824391 3.590654 0.609861 0.365379 1.266157 0.911064 0.911125 1.705677 0.519008 2.402136 2.830493 1.135377 0.230136 0.483903 0.673029 1.370695 1.001375 1.023408 0.700966 0.464596 4.048320 58.039992 2.067107 5.055566 1.271312 1.532458 1.063964 2.914550 2.785438 3.436712 1.000000 29.952404 22.336326 0.071331 3.823505 0.000000 71.403797 102.394089 1.156392 2361.040380 362507.513919 53700.111107 0.000000 2400.234864 2.757645 33.712242 0.000000 16899.950715 433233.658842 141439.724524 167676.169756 161785.819792 369378.556445 0.112777 11692614708494638996520960.000000 64.141304 103.352475 -34800.047641 0.060685
1.095000e+04 1788.301568 4475.327884 7814.798348 3654.859147 357643.283066 52223.789315 88824.297400 6112.488185 8089.729173 3033.481978 30.184487 327.800900 676.718648 15235.122299 31697.926003 39955.679197 2836872.340451 2490113.370406 572990.301167 1943290.310261 1608807.468098 617986.670174 143539.707153 676719.251184 167397.312116 35079.359436 54614.466341 26775.134399 293858.854312 153594.784994 434201.218164 53744.295522 96716.424435 87010.833796 1609158.033585 322529.717803 41063.984899 634070.228118 520586.818418 17101.087087 890607.753820 135312.721659 2164.169192 166813.323150 349879.098761 1851390.130815 770517.245253 532593.318739 184016.760980 460206.465989 5295.918070 2311549.418143 775180.628688 2123067.776185 1119358.589601 542900.769036 1832.154781 35011.795562 89207.000669 1867792.012564 11108010.284773 151863301.312139 4781263.690102 1646544.710253 5940297.631049 19462969.892570 13475815.661231 17731463.660045 126037.976009 1200357.624680 8.628757 68071485.475188 99779403.098343 368.010630 3137629.168055 0.000000 4509929.517001 6569259.164642 3929223944.238480 1.290994 0.660856 1.466737 0.844422 0.715271 0.260625 1.383284 1.058670 1.088083 0.412403 0.389554 1.171695 1.980010 2.476593 2.603093 2.057696 1.199363 3.137092 1.872266 1.080624 5.506113 2.645907 1.027993 1.582765 0.940661 2.036106 1.495624 2.236182 0.977087 0.753717 1.002945 1.202382 1.265034 1.328836 2.892919 1.739835 1.482197 2.709991 1.236786 0.572739 1.694718 3.435111 0.007871 0.376733 1.199317 0.915589 0.917037 1.690932 0.508741 2.466841 2.929142 1.108815 0.218909 0.472138 0.657642 1.388660 1.001420 1.024096 0.688002 0.454650 4.142261 60.228062 2.024833 5.313185 1.282605 1.539768 1.066108 2.915678 2.881790 3.174239 1.000000 30.043229 22.445999 0.091382 3.839550 0.000000 70.703344 102.987993 1.159980 2350.931261 357643.283066 52223.789315 0.000000 2377.407259 2.705185 33.711539 0.000000 17101.087087 890607.753820 135312.721659 2164.169192 166813.323150 349879.098761 0.112881 11591513435843547497496576.000000 64.130435 108.778788 -34497.979105 0.061391
1.131500e+04 1783.465429 4456.625083 7821.983343 3614.458200 352756.063403 50891.396970 89628.381125 6031.690993 8035.200264 3006.128756 29.621977 327.818818 684.977578 15459.902560 33346.646797 41429.147332 2790483.659708 2439720.626227 569013.380330 1931410.926686 1589281.521303 605467.050543 146306.670574 676143.585267 168282.505982 34523.541427 53133.252842 26669.797209 293483.645895 152909.777508 434366.025181 52983.131760 96877.099908 87501.273949 1591411.366515 327250.943270 40360.458112 652335.812334 524575.691824 13650.226769 735559.000627 135331.791135 164237.426929 133042.514121 319125.466499 1860226.817722 775144.927685 530404.478447 180584.698771 472419.719546 5479.421994 2261206.852288 737441.952009 2071597.666473 1093024.956607 550069.754299 1832.236930 35035.596954 87512.901264 1830775.062526 11339068.285241 157404567.955422 4688272.941272 1729033.683323 5995608.893398 19551871.216476 13506020.518343 17783428.114292 130365.557164 1171400.648431 9.126841 68267714.080946 100392592.059126 471.366328 3152539.298887 0.000000 4476877.919640 6628580.737736 3941461237.884222 1.287503 0.658094 1.468085 0.835088 0.705497 0.253976 1.395806 1.044676 1.080749 0.408685 0.382295 1.171759 2.004175 2.513133 2.738489 2.133579 1.179751 3.073606 1.859271 1.074018 5.439285 2.592305 1.047809 1.581419 0.945635 2.003844 1.455061 2.227384 0.975839 0.750356 1.003325 1.185353 1.267135 1.336327 2.861014 1.765303 1.456804 2.788057 1.246263 0.457165 1.399679 3.435595 0.597354 0.300464 1.093899 0.919959 0.922544 1.683982 0.499252 2.532308 3.030637 1.084667 0.208252 0.460692 0.642170 1.406997 1.001465 1.024792 0.674936 0.445639 4.228425 62.425694 1.985452 5.579366 1.294548 1.546801 1.068497 2.924223 2.980737 3.097665 1.000000 30.129834 22.583940 0.117047 3.857796 0.000000 70.185185 103.917992 1.163592 2341.428078 352756.063403 50891.396970 0.000000 2356.258203 2.654592 33.712452 0.000000 13650.226769 735559.000627 135331.791135 164237.426929 133042.514121 319125.466499 0.113275 11543866548099065139167232.000000 64.130435 114.290995 -34356.220333 0.062202
1.168000e+04 1777.576766 4439.489990 7823.923839 3573.845453 347899.502460 49667.000354 90430.366806 5948.496240 7978.150123 2981.289979 29.081140 327.868388 692.949493 15682.229903 32554.015004 42931.137413 2749159.465061 2394414.049068 568045.799170 1921016.820682 1569887.704246 593252.323402 148952.961816 675685.562055 169078.303132 33980.791541 51787.469381 26578.875501 293180.524639 152331.787937 434578.088968 52292.494918 97065.673984 87995.761563 1575763.043211 331814.124864 39725.028700 670952.327517 528623.114702 11163.537802 159471.966191 135225.712857 2112.568064 104942.166244 283896.134646 1868797.653316 779614.121225 531536.530270 177450.779818 484763.862762 5668.205709 2236551.250518 701626.940149 2021545.141793 1066593.578240 557385.019289 1832.320174 35059.491795 85807.411208 1796925.171444 11552964.857896 162953072.603463 4602848.741321 1812366.726286 6056713.668802 19645285.352110 13523037.622069 17865973.730882 134791.196150 1281169.434078 9.749609 68127685.530563 100971585.115059 603.050735 3164983.947147 0.000000 4449799.835219 6683443.353920 3953424065.844738 1.283251 0.655563 1.468449 0.825705 0.695784 0.247865 1.408296 1.030267 1.073076 0.405308 0.375315 1.171936 2.027500 2.549274 2.673397 2.210930 1.162281 3.016528 1.856110 1.068238 5.372911 2.540007 1.066761 1.580347 0.950107 1.972342 1.418206 2.219791 0.974831 0.747519 1.003815 1.169902 1.269602 1.343878 2.832882 1.789918 1.433868 2.867624 1.255879 0.373882 0.303456 3.432902 0.007684 0.237002 0.973140 0.924197 0.927863 1.687576 0.490588 2.598476 3.135052 1.072840 0.198138 0.449561 0.626641 1.425709 1.001510 1.025491 0.661783 0.437400 4.308188 64.626198 1.949276 5.848271 1.307741 1.554191 1.069844 2.937796 3.081927 3.387939 1.000000 30.068033 22.714188 0.149746 3.873024 0.000000 69.760675 104.778088 1.167124 2332.588379 347899.502460 49667.000354 0.000000 2337.045442 2.605927 33.716344 0.000000 11163.537802 159471.966191 135225.712857 2112.568064 104942.166244 283896.134646 0.114005 11568515625889477446074368.000000 64.119565 119.436537 -34431.288077 0.063083
1.204500e+04 1770.763888 4423.441320 7821.721989 3533.379312 343082.668513 48547.190455 91225.488781 5866.176618 7924.823665 2958.552235 28.559498 327.931447 700.622538 15903.182118 32524.131655 44461.881560 2711841.467875 2352010.034121 568144.542819 1911779.862341 1550636.249882 581087.264857 151509.056227 675238.234710 169780.891798 33447.098584 50491.619382 26489.067285 292937.342733 151870.321642 434779.797558 51640.912142 97223.089319 88478.373554 1562322.866940 336214.817299 39125.099201 689919.115660 532719.460120 12818.681797 219037.934696 130625.115969 161274.327119 118407.207707 247408.575190 1875678.731116 783559.366813 533843.779877 174623.294496 497223.845731 5862.337473 2199569.387905 667612.709858 1972877.910003 1040089.367257 564847.957800 1832.404790 35083.576420 84092.694271 1765990.339298 11753213.643151 168507678.678740 4521122.720814 1898042.712791 6117600.642550 19692519.265934 13535551.803034 17982503.159543 139338.267278 1403224.756531 10.419775 67939515.998958 101713942.436035 769.891367 3177064.509001 0.000000 4431671.860301 6756878.223829 3965421089.246546 1.278333 0.653194 1.468036 0.816356 0.686150 0.242277 1.420678 1.016009 1.065903 0.402217 0.368583 1.172161 2.049950 2.585192 2.670943 2.289763 1.146503 2.963107 1.856432 1.063102 5.307023 2.487923 1.085067 1.579301 0.954055 1.941365 1.382719 2.212290 0.974023 0.745255 1.004281 1.155325 1.271661 1.351249 2.808719 1.813657 1.412214 2.948687 1.265610 0.429315 0.416802 3.316110 0.586576 0.267412 0.848068 0.927600 0.932559 1.694902 0.482771 2.665265 3.242425 1.055100 0.188533 0.438738 0.611070 1.444798 1.001556 1.026196 0.648558 0.429870 4.382863 66.829121 1.914665 6.124737 1.320888 1.557928 1.070834 2.956958 3.185894 3.710703 1.000000 29.984985 22.881186 0.191174 3.887807 0.000000 69.476478 105.929346 1.170666 2324.249583 343082.668513 48547.190455 0.000000 2319.451334 2.559049 33.722011 0.000000 12818.681797 219037.934696 130625.115969 161274.327119 118407.207707 247408.575190 0.114823 11618756887079471519105024.000000 64.108696 124.968900 -34583.051692 0.064049
1.241000e+04 1763.085454 4408.607697 7815.716950 3493.182449 338300.020242 47526.075498 92013.103218 5785.305750 7873.470304 2937.615469 28.054073 327.994576 707.998610 16122.723806 32182.705379 46020.041074 2675883.919668 2310685.403379 566288.162689 1902908.813533 1531270.363312 568950.684559 153910.789850 674718.672362 170388.921951 32906.702246 49164.179322 26394.060090 292677.291596 151407.725827 434929.107165 50984.100979 97349.804395 88943.587527 1549144.988182 340443.047991 38535.778080 709221.923943 536861.095287 15605.541171 652450.042158 131450.727456 2068.980856 146765.407426 211563.758430 1880937.720682 786878.938383 535291.603694 171904.383029 509782.369450 6061.845939 2159386.035835 635312.416292 1925545.988213 1013515.208258 572460.069401 1832.491086 35107.932193 82370.857424 1737782.942198 11941979.969752 174067561.616942 4441446.151473 1984786.584979 6175012.843479 19706017.596372 13548207.475656 18122282.663347 143998.769035 1382170.539369 11.035386 67785710.832893 102331465.231398 979.814939 3187127.924272 0.000000 4419302.577410 6833502.210023 3977237599.239605 1.272790 0.651003 1.466909 0.807068 0.676585 0.237181 1.432944 1.002003 1.058996 0.399370 0.362060 1.172387 2.071532 2.620880 2.642904 2.370007 1.131301 2.911045 1.850367 1.058169 5.240743 2.435960 1.102268 1.578086 0.957472 1.909998 1.346367 2.204355 0.973158 0.742985 1.004626 1.140630 1.273318 1.358354 2.785028 1.836465 1.390942 3.031186 1.275450 0.522651 1.241533 3.337069 0.007525 0.331456 0.725199 0.930201 0.936510 1.699498 0.475254 2.732583 3.352772 1.035825 0.179411 0.428212 0.595457 1.464268 1.001603 1.026908 0.635279 0.423004 4.453255 69.034136 1.880923 6.404648 1.333284 1.558996 1.071835 2.979942 3.292453 3.655027 1.000000 29.917103 23.020102 0.243301 3.900122 0.000000 69.282561 107.130600 1.174154 2316.483010 338300.020242 47526.075498 0.000000 2303.216743 2.513667 33.727998 0.000000 15605.541171 652450.042158 131450.727456 2068.980856 146765.407426 211563.758430 0.115465 11650293174235876355473408.000000 64.108696 130.727400 -34678.596109 0.065080
1.277500e+04 1754.554929 4394.824043 7806.857812 3453.214605 333543.721173 46610.945979 92794.384136 5707.015664 7825.813699 2918.169521 27.562674 328.050469 715.080399 16341.007990 33939.860552 47602.518609 2638470.231962 2268366.392783 562839.068676 1893924.996441 1510799.252914 556872.324569 156174.226541 674078.070523 170901.526271 32345.386161 47755.798251 26282.720085 292311.868157 150851.354688 434999.864418 50291.874290 97424.650489 89383.727556 1534323.751267 344491.859757 37930.672238 728843.188657 541049.554055 15425.527827 793834.598132 129770.087043 158574.767449 147874.501014 180349.552507 1885466.603461 789709.504035 536456.655850 169169.228603 522421.146887 6266.745609 2111301.940040 604616.211459 1879498.923984 986878.507386 580223.172843 1832.579554 35132.717671 80644.385281 1712261.305473 12120820.786786 179644945.051051 4364679.493053 2074101.841313 6230838.771431 19706578.710942 13568168.054526 18285203.537276 148763.763768 1307218.706058 11.647943 67699805.084487 103054528.837098 1241.686646 3199249.053978 0.000000 4415372.701021 6929273.494826 3989162465.946296 1.266632 0.648968 1.465246 0.797834 0.667073 0.232614 1.445111 0.988443 1.052586 0.396727 0.355718 1.172587 2.092253 2.656364 2.787205 2.451504 1.115484 2.857731 1.839096 1.053173 5.170681 2.384247 1.118478 1.576588 0.960352 1.877418 1.307798 2.195057 0.971943 0.740255 1.004790 1.125144 1.274297 1.365075 2.758383 1.858306 1.369101 3.115047 1.285401 0.516622 1.510570 3.294403 0.576758 0.333961 0.618203 0.932441 0.939878 1.703197 0.467693 2.800330 3.466101 1.012760 0.170742 0.417972 0.579807 1.484125 1.001652 1.027633 0.621963 0.416791 4.519946 71.246093 1.848413 6.692856 1.345338 1.559040 1.073414 3.006732 3.401402 3.456824 1.000000 29.879189 23.182759 0.308327 3.914955 0.000000 69.220952 108.632031 1.177674 2309.235105 333543.721173 46610.945979 0.000000 2288.082144 2.469561 33.733439 0.000000 15425.527827 793834.598132 129770.087043 158574.767449 147874.501014 180349.552507 0.116075 11675673175033405778165760.000000 64.097826 136.861161 -34755.600593 0.066196
1.314000e+04 1745.281445 4381.984452 7794.696202 3413.568841 328848.097543 45777.025726 93571.585090 5629.672025 7776.788756 2900.476446 27.087419 328.118356 721.916265 16557.936426 33662.287406 49211.215969 2603642.062617 2230267.418842 561417.410006 1885666.372539 1490825.568041 545109.937771 158304.442214 673431.933688 171319.357382 31811.103024 46397.931564 26186.578739 291973.181633 150324.785876 435091.950714 49645.955077 97523.625868 89828.236421 1520169.230558 348363.544710 37371.096668 748801.227089 545295.150859 12237.672029 397600.673862 126359.918828 2026.875630 117327.525833 158759.322800 1890414.062556 792420.640582 538896.427607 166561.106460 535125.336462 6477.141640 2088044.047684 575450.862892 1834681.803214 960217.722909 588138.690946 1832.670483 35157.766989 78915.595284 1689015.967805 12289200.067568 185221319.440374 4293372.597519 2163928.439105 6291246.554308 19735583.017969 13581278.138641 18449043.014891 153624.751564 1359713.044534 12.395280 67527572.328605 103551448.531451 1564.887082 3209379.281349 0.000000 4415516.247348 7020218.713984 4000835752.528673 1.259937 0.647072 1.462964 0.788674 0.657682 0.228452 1.457215 0.975047 1.045992 0.394321 0.349584 1.172829 2.112254 2.691628 2.764410 2.534351 1.100759 2.809733 1.834451 1.048580 5.102322 2.333886 1.133734 1.575076 0.962700 1.846407 1.270613 2.187027 0.970817 0.737671 1.005002 1.110693 1.275592 1.371864 2.732936 1.879191 1.348903 3.200347 1.295487 0.409856 0.756585 3.207831 0.007372 0.264974 0.544196 0.934888 0.943105 1.710943 0.460482 2.868428 3.582470 1.001603 0.162506 0.408006 0.564144 1.504372 1.001701 1.028366 0.608630 0.411133 4.582736 73.457649 1.818215 6.982715 1.358381 1.561335 1.074451 3.033673 3.512546 3.595640 1.000000 29.803174 23.294544 0.388582 3.927351 0.000000 69.223202 110.057803 1.181121 2302.401234 328848.097543 45777.025726 0.000000 2274.291306 2.426860 33.739722 0.000000 12237.672029 397600.673862 126359.918828 2026.875630 117327.525833 158759.322800 0.116845 11728799448663465903783936.000000 64.086957 142.530495 -34915.811259 0.067360
1.350500e+04 1735.253635 4370.167627 7779.798135 3374.509551 324230.020050 45019.329638 94344.926078 5555.114225 7730.832233 2884.359368 26.629830 328.196545 728.516998 16774.442185 33729.648667 50848.158746 2572386.919284 2196757.040735 562095.383493 1878508.364597 1471813.603392 533627.066974 160301.820120 672785.512730 171641.910214 31313.273739 45130.773915 26103.725521 291724.274102 149921.504087 435216.443999 49058.935329 97614.317019 90273.870386 1508086.631535 352062.540450 36856.741802 769104.855796 549588.561495 10350.753576 91308.058031 127485.702815 155921.850804 95697.315745 156407.569504 1895189.191730 794975.423057 541778.530797 164173.785282 547878.639349 6693.118457 2062593.104422 547720.945580 1791040.067738 933569.654216 596208.513143 1832.764360 35183.098193 77187.222075 1667866.231708 12446841.296815 190808352.966112 4225808.584848 2255845.061955 6353449.135602 19760790.082472 13593655.948771 18609666.552695 158595.676500 1504511.747480 13.267880 67414912.567791 104066273.765675 1958.800927 3219380.872243 0.000000 4420311.405908 7121490.876954 4012516760.644802 1.252698 0.645327 1.460168 0.779650 0.648446 0.224671 1.469258 0.962134 1.039811 0.392130 0.343679 1.173109 2.131567 2.726822 2.769942 2.618653 1.087545 2.767516 1.836666 1.044600 5.037254 2.284722 1.148039 1.573564 0.964513 1.817511 1.235912 2.180107 0.969989 0.735692 1.005290 1.097560 1.276778 1.378670 2.711214 1.899145 1.330338 3.287124 1.305687 0.346661 0.173748 3.236411 0.567109 0.216124 0.536134 0.937249 0.946146 1.720094 0.453882 2.936790 3.701925 0.989395 0.154675 0.398300 0.548488 1.525013 1.001753 1.029107 0.595300 0.405985 4.641522 75.673433 1.789602 7.279318 1.371811 1.563329 1.075431 3.060085 3.626204 3.978548 1.000000 29.753452 23.410358 0.486396 3.939590 0.000000 69.298377 111.645474 1.184569 2296.096454 324230.020050 45019.329638 0.000000 2261.730480 2.385754 33.747095 0.000000 10350.753576 91308.058031 127485.702815 155921.850804 95697.315745 156407.569504 0.117692 11791556177362734586789888.000000 64.086957 148.396732 -35104.849303 0.068594
1.387000e+04 1724.462942 4359.292808 7762.446163 3336.163271 319688.066877 44326.024815 95112.831127 5483.635429 7686.945670 2869.623093 26.189191 328.277041 734.889790 16990.666148 32597.625741 52514.519795 2543744.023909 2166154.885555 562485.299800 1871989.338382 1454008.140460 522350.552510 162202.051415 672119.369589 171870.053673 30840.038525 43941.991618 26029.570161 291545.302813 149595.084140 435351.617433 48504.741619 97694.812299 90717.431598 1497680.942786 355587.345747 36375.743227 789746.416515 553922.296767 12150.452000 442463.113557 125589.291817 1989.775522 110505.439214 197469.524807 1899129.222895 797266.664339 542919.141114 161890.076174 560662.860314 6914.714150 2036353.791215 521360.798165 1748514.121287 906948.701736 604434.604237 1832.861694 35208.730806 75461.903800 1648658.081603 12592625.876638 196408777.511806 4160007.319398 2348259.620707 6411500.507723 19769738.135900 13603993.541105 18761329.569348 163690.126507 1562686.308662 14.126173 67303664.514925 104467419.421633 2432.134511 3227382.865893 0.000000 4425864.113983 7218503.402836 4023988757.457290 1.244908 0.643721 1.456911 0.770791 0.639362 0.221211 1.481217 0.949754 1.033908 0.390127 0.337992 1.173396 2.150213 2.761971 2.676978 2.704469 1.075436 2.728963 1.837941 1.040975 4.976315 2.236442 1.161648 1.572006 0.965795 1.790043 1.203357 2.173914 0.969394 0.734090 1.005602 1.085161 1.277831 1.385444 2.692507 1.918159 1.312976 3.375345 1.315983 0.406935 0.841953 3.188268 0.007237 0.249567 0.676887 0.939198 0.948873 1.723715 0.447568 3.005317 3.824489 0.976808 0.147231 0.388843 0.532847 1.546054 1.001806 1.029856 0.581994 0.401309 4.695886 77.894527 1.761735 7.577528 1.384345 1.564037 1.076248 3.085024 3.742686 4.132385 1.000000 29.704353 23.500598 0.603931 3.949382 0.000000 69.385428 113.166364 1.187956 2290.274519 319688.066877 44326.024815 0.000000 2250.240921 2.346189 33.754863 0.000000 12150.452000 442463.113557 125589.291817 1989.775522 110505.439214 197469.524807 0.118315 11816401989031042689794048.000000 64.086957 154.432026 -35180.067173 0.069871
1.423500e+04 1712.946270 4349.383958 7743.623367 3298.434706 315196.137426 43710.183263 95874.629653 5416.701979 7648.089916 2855.799630 25.761949 328.342038 741.023253 17206.784542 34305.109568 54207.851572 2513341.743793 2133235.545323 559695.350359 1865042.489422 1435600.856950 511136.386936 163968.912390 671334.675068 172006.132198 30347.951931 42730.256316 25937.044917 291277.608906 149168.121689 435421.215836 47904.977195 97710.759062 91138.022704 1486201.935088 358932.975636 35876.370226 810690.852072 558282.577651 14530.835496 812428.318034 122877.029889 153765.854824 134391.015885 246306.429057 1902142.899361 799191.110936 541306.877576 159471.439090 573457.184407 7141.894224 1991569.283892 496284.094228 1707029.380162 880351.098923 612819.416014 1832.963270 35234.914597 73742.661289 1631502.149250 12730049.360030 202034076.705271 4095242.964001 2443296.300537 6463728.297740 19754089.058993 13623395.467817 18917745.969230 168892.014084 1452070.056537 14.897334 67309094.740397 105026333.135245 2992.187192 3237521.739629 0.000000 4434650.282678 7328614.815188 4035582066.436738 1.236594 0.642258 1.453378 0.762074 0.630379 0.218138 1.493081 0.938161 1.028682 0.388247 0.332478 1.173629 2.168159 2.797103 2.817200 2.791675 1.062582 2.687490 1.828824 1.037112 4.913316 2.188428 1.174302 1.570171 0.966559 1.761481 1.170173 2.166187 0.968504 0.731995 1.005763 1.071743 1.278040 1.391867 2.671870 1.936206 1.294951 3.464860 1.326342 0.486657 1.545952 3.119413 0.559267 0.303510 0.844290 0.940688 0.951163 1.718596 0.440882 3.073898 3.950141 0.955326 0.140150 0.379618 0.517221 1.567502 1.001862 1.030622 0.568734 0.397133 4.747132 80.125486 1.734308 7.884199 1.395622 1.562799 1.077783 3.110745 3.861624 3.839870 1.000000 29.706749 23.626329 0.743000 3.961790 0.000000 69.523171 114.892610 1.191378 2284.962653 315196.137426 43710.183263 0.000000 2239.420578 2.307864 33.761434 0.000000 14530.835496 812428.318034 122877.029889 153765.854824 134391.015885 246306.429057 0.118628 11781316304571398619136000.000000 64.076087 161.203168 -35075.397384 0.071223
1.460000e+04 1700.907735 4340.432731 7723.023281 3261.248376 310771.362997 43158.314488 96635.433132 5352.019785 7608.103653 2843.099747 25.349522 328.407896 746.957040 17422.255865 34477.933566 55928.577921 2483311.042981 2101279.316701 557304.699338 1857881.559019 1417500.815285 500198.806851 165590.837527 670522.807675 172056.822854 29863.449727 41558.849413 25849.362475 290985.971589 148703.779013 435509.255803 47322.784487 97739.879126 91561.327883 1474091.613366 362101.570889 35398.820153 831944.385755 562669.354193 14050.176510 608377.905070 123625.575797 1954.849486 132575.669236 284140.166752 1906271.128623 801128.876456 538361.156126 157119.467853 586245.063597 7374.724848 1967486.919445 472430.633036 1666456.057635 853806.892768 621365.045648 1833.069646 35261.534417 72032.280156 1616161.797544 12860811.660227 207663637.907832 4035328.261003 2538611.688977 6519562.223113 19770287.490274 13639115.475035 19070185.240873 174191.923279 1443266.817306 15.800448 67210382.636853 105478114.671878 3643.884441 3246836.553562 0.000000 4443885.302670 7431090.256947 4046956024.079648 1.227903 0.640936 1.449512 0.753482 0.621529 0.215383 1.504929 0.926959 1.023304 0.386521 0.327155 1.173864 2.185520 2.832130 2.831393 2.880292 1.049886 2.647231 1.821013 1.033130 4.851369 2.141599 1.185917 1.568272 0.966844 1.733359 1.138094 2.158864 0.967535 0.729716 1.005966 1.058718 1.278420 1.398332 2.650099 1.953299 1.277714 3.555697 1.336764 0.470560 1.157669 3.138416 0.007110 0.299410 0.973977 0.942730 0.953469 1.709244 0.434379 3.142445 4.078918 0.943774 0.133413 0.370595 0.501626 1.589360 1.001920 1.031401 0.555543 0.393399 4.795894 82.358136 1.708935 8.191769 1.407678 1.564080 1.079027 3.135811 3.982803 3.816591 1.000000 29.663183 23.727960 0.904825 3.973188 0.000000 69.667951 116.499144 1.194736 2280.105787 310771.362997 43158.314488 0.000000 2229.449366 2.270825 33.767685 0.000000 14050.176510 608377.905070 123625.575797 1954.849486 132575.669236 284140.166752 0.118870 11717192986630788413915136.000000 64.086957 167.516590 -34883.560258 0.072613
1.496500e+04 1688.299175 4332.372474 7700.699266 3224.823846 306433.694059 42660.694020 97397.350451 5290.118188 7569.703875 2831.524590 24.954125 328.484328 752.707646 17637.666044 34792.783824 57677.869402 2455992.659238 2072394.204019 557602.659345 1851291.537791 1400308.989510 489601.547780 167094.712676 669730.618576 172028.046672 29405.566843 40460.637328 25772.379710 290777.424246 148345.376142 435659.650366 46799.138681 97771.334196 91993.959959 1463309.180514 365098.393496 34959.165031 853522.743779 567081.069222 11104.718748 105919.778641 121426.880119 151380.084694 104831.318982 305221.823515 1911477.915274 803141.363166 534601.364958 155140.828205 599011.082359 7613.299955 1947278.608203 449727.728359 1626736.422502 827361.968930 630073.790747 1833.181457 35288.560250 70333.866952 1602458.866504 12983357.799467 213309742.092628 3980344.620767 2635872.369668 6580051.109220 19797538.179056 13653006.868770 19221918.834456 179581.696365 1573969.979116 16.902935 67106934.688004 106002228.716460 4389.124294 3256784.336646 0.000000 4454580.987687 7537827.235128 4058333719.554989 1.218801 0.639746 1.445322 0.745067 0.612854 0.212900 1.516794 0.916237 1.018139 0.384947 0.322053 1.174137 2.202346 2.867146 2.857249 2.970379 1.038336 2.610841 1.821986 1.029465 4.792531 2.096227 1.196688 1.566419 0.966682 1.706783 1.108020 2.152434 0.966841 0.727957 1.006314 1.047003 1.278832 1.404939 2.630714 1.969465 1.261845 3.647922 1.347245 0.371912 0.201552 3.082599 0.550590 0.236752 1.046240 0.945305 0.955864 1.697307 0.428909 3.210875 4.210873 0.934080 0.127002 0.361762 0.486089 1.611636 1.001981 1.032191 0.542444 0.390064 4.841593 84.597347 1.685649 8.505617 1.420738 1.566236 1.080126 3.160761 4.106038 4.162224 1.000000 29.617526 23.845863 1.089878 3.985361 0.000000 69.835630 118.172487 1.198095 2275.703593 306433.694059 42660.694020 0.000000 2220.362296 2.235307 33.774827 0.000000 11104.718748 105919.778641 121426.880119 151380.084694 104831.318982 305221.823515 0.119157 11635342650214341928812544.000000 64.086957 173.853358 -34638.487875 0.074062
1.533000e+04 1675.301399 4325.047328 7676.751854 3189.397132 302189.793180 42201.954838 98158.162323 5230.903134 7532.234493 2821.029943 24.575899 328.571291 758.284800 17853.261672 33320.932292 59451.914091 2432103.878877 2047092.243346 559006.613316 1845648.009634 1384756.029538 479348.873009 168509.401907 668951.946043 171921.869387 28976.611704 39446.053268 25708.889611 290689.159278 148117.536712 435882.449242 46331.422645 97811.963847 92439.227528 1455161.134322 367930.621248 34560.248785 875428.871628 571525.390874 9732.285126 287521.894629 120103.985853 1922.262871 88590.211725 311306.867773 1916667.034911 805134.109406 529535.549242 153403.053458 611738.954688 7857.685315 1930860.956980 428130.789560 1587893.392927 801045.471315 638947.924867 1833.299244 35315.949472 68650.374264 1590270.285789 13095858.126812 218970554.065444 3928560.740539 2733113.225887 6640718.780137 19817030.887253 13661394.507683 19365011.550399 185092.670642 1680468.354507 18.051315 66955055.617087 106399666.386741 5226.234926 3264714.199536 0.000000 4464631.587286 7636919.261172 4069485189.351198 1.209418 0.638664 1.440827 0.736882 0.604366 0.210611 1.528643 0.905981 1.013099 0.383520 0.317171 1.174448 2.218664 2.902193 2.736378 3.061741 1.028237 2.578965 1.826574 1.026327 4.739301 2.052330 1.206819 1.564598 0.966086 1.681885 1.080235 2.147132 0.966548 0.726839 1.006828 1.036539 1.279363 1.411739 2.616066 1.984743 1.247446 3.741548 1.357804 0.325947 0.547119 3.049015 0.006992 0.200073 1.067099 0.947871 0.958236 1.681224 0.424105 3.279100 4.346041 0.926205 0.120903 0.353124 0.470627 1.634334 1.002045 1.032993 0.529460 0.387097 4.883545 86.842390 1.663719 8.819400 1.433837 1.567778 1.080790 3.184291 4.232043 4.443849 1.000000 29.550495 23.935269 1.297744 3.995065 0.000000 69.993196 119.725979 1.201387 2271.690536 302189.793180 42201.954838 0.000000 2212.136219 2.201338 33.783028 0.000000 9732.285126 287521.894629 120103.985853 1922.262871 88590.211725 311306.867773 0.119302 11525059095832297237118976.000000 64.086957 180.194352 -34308.054704 0.075539
1.569500e+04 1661.804991 4318.564598 7652.252088 3154.608263 298013.021907 41798.159657 98917.317457 5176.073262 7499.875230 2811.160734 24.211106 328.646058 763.661047 18069.441099 34547.055631 61254.331030 2407407.643407 2020533.561857 557537.723408 1839876.042524 1369091.332857 469199.196730 169806.063876 668086.403067 171748.582149 28533.345322 38409.480106 25630.211547 290574.746099 147845.272843 436092.896868 45833.900893 97796.149216 92873.923577 1446472.749056 370600.756798 34148.868846 897622.051598 575993.909102 11599.260723 710959.824360 120335.292060 149576.782485 103957.198833 300074.354604 1920675.919157 806846.563786 523586.886418 151870.765940 624409.129264 8107.830338 1894226.055675 407578.312856 1549977.318806 774855.581846 647990.282249 1833.423764 35343.952087 66985.080139 1579673.560399 13205799.430625 224651579.707987 3878106.773776 2832872.997366 6696798.000281 19802272.099781 13676085.209153 19515474.724325 190705.850776 1602117.789216 19.090692 66868924.843964 106992606.299659 6149.560348 3274172.147581 0.000000 4476681.738141 7746819.169846 4080747782.593339 1.199675 0.637707 1.436229 0.728844 0.596013 0.208595 1.540465 0.896485 1.008747 0.382179 0.312463 1.174715 2.234395 2.937335 2.837069 3.154565 1.017796 2.545506 1.821774 1.023117 4.685689 2.008874 1.216106 1.562574 0.965112 1.656156 1.051848 2.140561 0.966167 0.725503 1.007314 1.025409 1.279156 1.418378 2.600446 1.999146 1.232598 3.836401 1.368420 0.388475 1.352870 3.054887 0.544031 0.234778 1.028596 0.949853 0.960274 1.662337 0.419868 3.347016 4.484394 0.908632 0.115099 0.344692 0.455240 1.657463 1.002113 1.033812 0.516617 0.384517 4.924543 89.095450 1.642352 9.141312 1.445946 1.566611 1.081952 3.209032 4.360385 4.236658 1.000000 29.512481 24.068654 1.527018 4.006639 0.000000 70.182110 121.448909 1.204712 2268.121339 298013.021907 41798.159657 0.000000 2204.380702 2.168621 33.790447 0.000000 11599.260723 710959.824360 120335.292060 149576.782485 103957.198833 300074.354604 0.119280 11395557008829350556991488.000000 64.086957 187.433087 -33919.896739 0.077084
1.606000e+04 1647.817661 4312.718909 7627.014296 3120.373238 293905.203627 41438.323275 99676.410458 5123.624491 7467.010518 2801.978889 23.858450 328.711608 768.856547 18285.554413 34856.428565 63085.595084 2382078.623279 1993969.424741 554901.386770 1834016.074125 1353529.075587 459238.629589 171035.231212 667189.321141 171518.370121 28083.751373 37361.999828 25548.025263 290427.670804 147506.041331 436332.831474 45328.508193 97779.746666 93313.230959 1436822.982729 373122.634064 33740.863131 920091.555556 580500.139035 13626.760230 722675.517210 117939.670518 1893.045420 124226.121515 279159.940551 1924130.053992 808501.764737 519479.017464 150309.396038 637005.698625 8363.755864 1869491.537819 388031.003163 1513018.873680 748812.133764 657203.378187 1833.555465 35372.507402 65340.964764 1570605.751621 13314084.142073 230342582.496216 3831082.929241 2932731.214114 6754131.620970 19801549.679457 13689566.654260 19666117.641038 196405.169099 1535211.809785 20.194326 66747152.838802 107452216.582197 7148.761000 3282831.225896 0.000000 4488873.895209 7851246.228674 4091819698.633990 1.189577 0.636844 1.431492 0.720934 0.587798 0.206800 1.552287 0.887401 1.004326 0.380930 0.307912 1.174950 2.249596 2.972466 2.862475 3.248874 1.007087 2.512040 1.813160 1.019859 4.632427 1.966228 1.224909 1.560476 0.963818 1.630061 1.023163 2.133697 0.965678 0.723838 1.007868 1.014102 1.278942 1.425087 2.583098 2.012750 1.217871 3.932435 1.379126 0.456379 1.375163 2.994071 0.006885 0.280553 0.956905 0.951562 0.962244 1.649295 0.415552 3.414537 4.625945 0.896767 0.109579 0.336473 0.439939 1.681029 1.002185 1.034647 0.503937 0.382310 4.964923 91.352468 1.622438 9.463541 1.458325 1.566554 1.083018 3.233803 4.490697 4.059731 1.000000 29.458737 24.172047 1.775132 4.017235 0.000000 70.373249 123.086039 1.207981 2264.913828 293905.203627 41438.323275 0.000000 2197.136534 2.136974 33.796878 0.000000 13626.760230 722675.517210 117939.670518 1893.045420 124226.121515 279159.940551 0.119356 11306125676343956579811328.000000 64.076087 194.408490 -33651.942389 0.078658
1.642500e+04 1633.798132 4307.524383 7601.091166 3086.657861 289879.413079 41118.758955 100436.055649 5073.586391 7435.260071 2793.510322 23.518762 328.775140 773.885698 18502.052021 35487.881728 64949.078472 2358007.437443 1969193.317434 554152.314662 1828529.669553 1338512.049730 449507.369408 172163.564429 666302.102336 171238.792218 27645.996743 36350.496955 25469.287712 290338.110712 147224.851242 436648.982980 44860.723426 97763.245737 93764.976351 1427151.822117 375517.775055 33356.019718 942847.240717 585058.014582 12900.360671 271159.614969 117053.925687 147487.076982 120127.838154 249908.540220 1927809.185865 810243.370054 518837.426328 148886.674769 649515.476682 8625.535072 1849202.887161 369433.185653 1477030.783616 722957.992369 666589.886390 1833.694705 35401.594606 63721.244260 1562960.168391 13419568.537792 236046046.485760 3788174.057579 3034603.032795 6816192.976817 19817292.064164 13703766.389363 19814357.704413 202180.909460 1614001.931754 21.543636 66676085.248105 107950067.263044 8209.229512 3292263.734664 0.000000 4502685.718176 7960275.156537 4102906615.066579 1.179456 0.636077 1.426627 0.713145 0.579746 0.205205 1.564117 0.878734 1.000056 0.379779 0.303528 1.175177 2.264311 3.007659 2.914331 3.344842 0.996911 2.480827 1.810712 1.016808 4.581032 1.924564 1.232989 1.558401 0.962247 1.604652 0.995463 2.127121 0.965380 0.722459 1.008599 1.003636 1.278726 1.431986 2.565711 2.025670 1.203980 4.029692 1.389954 0.432051 0.515984 2.971585 0.536430 0.271298 0.856637 0.953381 0.964317 1.647258 0.411618 3.481593 4.770734 0.887035 0.104327 0.328469 0.424750 1.705039 1.002261 1.035498 0.491445 0.380449 5.004259 93.614427 1.604267 9.792269 1.471725 1.567799 1.084142 3.258179 4.622756 4.268085 1.000000 29.427372 24.284041 2.038461 4.028778 0.000000 70.589781 124.795314 1.211254 2262.075005 289879.413079 41118.758955 0.000000 2190.444658 2.106475 33.802974 0.000000 12900.360671 271159.614969 117053.925687 147487.076982 120127.838154 249908.540220 0.119800 11292154735583462154043392.000000 64.076087 201.362426 -33610.371382 0.080291
1.679000e+04 1619.448976 4303.031739 7574.204362 3053.557110 285953.080223 40820.681505 101196.210353 5025.366692 7403.047632 2785.876511 23.193357 328.846927 778.766675 18719.134882 34009.243336 66850.792489 2337551.046835 1948513.482151 555641.570586 1823971.908169 1324998.366015 440081.010615 173227.889968 665482.992175 170916.260724 27240.321398 35434.328141 25407.544572 290395.551409 147105.664936 437088.836890 44463.603520 97774.742131 94240.996536 1419578.392744 377805.801975 33016.521314 965907.437829 589682.730019 10195.754599 119849.550548 117305.090255 1864.202546 94975.348101 218274.975101 1932028.183172 812122.184848 520399.348631 147699.507358 661926.577086 8893.265633 1840254.198516 351746.397401 1441996.923385 697337.322187 676152.360938 1833.841546 35431.089655 62128.877091 1556590.530535 13520149.424521 241752856.669270 3748516.899824 3136028.886546 6881286.012591 19843777.427075 13711754.299136 19948476.792198 208059.370898 1761240.272296 23.064524 66545174.016584 108278541.020304 9313.771657 3299665.194016 0.000000 4515559.007977 8060807.085965 4113753460.366247 1.169097 0.635413 1.421580 0.705497 0.571894 0.203717 1.575955 0.870383 0.995723 0.378741 0.299328 1.175433 2.278592 3.042948 2.792903 3.442780 0.988262 2.454774 1.815578 1.014273 4.534781 1.884205 1.240612 1.556485 0.960435 1.581106 0.970373 2.121964 0.965571 0.721874 1.009615 0.994752 1.278876 1.439256 2.552096 2.038013 1.191726 4.128250 1.400941 0.341470 0.228059 2.977961 0.006780 0.214493 0.748204 0.955468 0.966553 1.652217 0.408336 3.548120 4.918814 0.882742 0.099332 0.320678 0.409697 1.729498 1.002342 1.036360 0.479164 0.378899 5.041766 95.877713 1.587472 10.119557 1.485780 1.569894 1.084774 3.280233 4.757164 4.657444 1.000000 29.369594 24.357933 2.312733 4.037835 0.000000 70.791599 126.371379 1.214456 2259.602304 285953.080223 40820.681505 0.000000 2184.423272 2.077247 33.809698 0.000000 10195.754599 119849.550548 117305.090255 1864.202546 94975.348101 218274.975101 0.120448 11326157383600717344800768.000000 64.076087 207.964756 -33712.693497 0.081942
1.715500e+04 1604.850911 4299.281218 7547.303671 3021.145228 282107.442857 40557.759879 101955.523013 4980.809366 7375.518925 2778.741583 22.880117 328.913620 783.477085 18937.429137 34435.600575 68792.094811 2317928.466429 1928095.930634 556255.763451 1819666.275775 1311965.178662 430699.162443 174242.480040 664596.809057 170554.181769 26837.383569 34554.800263 25339.859988 290505.841960 147038.902445 437579.596167 44069.763915 97748.440440 94720.220402 1412589.512010 379996.336239 32680.030416 989239.871851 594363.029498 9247.903285 506253.283956 115187.732197 145923.237987 82987.823633 185954.107332 1935800.826872 813868.289984 522016.215509 146588.225381 674222.446391 9166.910611 1814004.916831 334916.585432 1407892.089549 671960.499274 685893.830390 1833.996132 35461.188821 60567.087372 1551538.511572 13614860.972412 247479622.379742 3709768.630860 3239794.311352 6942952.785712 19841568.507341 13724248.486751 20082888.238711 214041.327436 1774684.656866 24.527690 66478619.943340 108777700.663746 10445.575175 3308226.013229 0.000000 4529768.828119 8169391.681949 4124688125.552700 1.158559 0.634859 1.416531 0.698008 0.564203 0.202405 1.587780 0.862666 0.992021 0.377771 0.295286 1.175672 2.292374 3.078433 2.827916 3.542756 0.979966 2.429052 1.817585 1.011879 4.490176 1.844037 1.247878 1.554412 0.958400 1.557718 0.946287 2.116312 0.965938 0.721546 1.010748 0.985941 1.278532 1.446575 2.539531 2.049829 1.179580 4.227972 1.412060 0.309725 0.963338 2.924209 0.530742 0.187420 0.637414 0.957333 0.968631 1.657350 0.405264 3.614029 5.070166 0.870151 0.094580 0.313094 0.394788 1.754415 1.002426 1.037241 0.467119 0.377669 5.077085 98.148913 1.571062 10.454394 1.499094 1.569720 1.085762 3.302335 4.893938 4.692996 1.000000 29.340221 24.470222 2.593775 4.048311 0.000000 71.014370 128.073688 1.217684 2257.523876 282107.442857 40557.759879 0.000000 2178.792691 2.049147 33.816204 0.000000 9247.903285 506253.283956 115187.732197 145923.237987 82987.823633 185954.107332 0.121058 11361362134046468091150336.000000 64.065217 215.450128 -33818.556252 0.083654
1.752000e+04 1590.051259 4296.205676 7520.267725 2989.295722 278329.641080 40322.203430 102714.167511 4938.837917 7348.763768 2772.012260 22.576464 328.970267 788.019887 19156.470967 34781.740594 70772.695284 2297394.606138 1906542.305536 554085.648864 1815094.609727 1298907.079333 421146.518487 175185.077110 663648.492232 170158.698490 26424.713457 33676.640708 25263.553714 290585.404047 146882.810927 438100.418257 43647.633560 97703.037749 95202.330268 1404782.896636 382095.655009 32335.999869 1012810.607114 599088.870301 11148.218909 808428.100962 114607.606555 1839.834538 98680.625917 156802.506282 1938945.597262 815511.454209 523095.103554 145357.500748 686390.498894 9446.430224 1788069.396806 318907.850692 1374682.060908 646835.487479 695817.208492 1834.158367 35491.931057 59038.778079 1547822.393759 13707084.400279 253221549.368141 3672089.518197 3343543.821975 7001494.387069 19831983.147502 13737972.486436 20218427.388594 220098.983338 1641704.021316 25.880221 66399578.619108 109219584.934320 11590.374147 3316180.221059 0.000000 4543754.258744 8274509.806316 4135473501.709941 1.147875 0.634405 1.411457 0.690650 0.556647 0.201230 1.599595 0.855396 0.988422 0.376856 0.291367 1.175874 2.305666 3.114040 2.856342 3.644756 0.971285 2.401898 1.810494 1.009337 4.445485 1.803137 1.254629 1.552194 0.956178 1.533765 0.922239 2.109939 0.966203 0.720780 1.011951 0.976497 1.277939 1.453938 2.525496 2.061154 1.167162 4.328712 1.423288 0.373369 1.538340 2.909482 0.006692 0.222861 0.537488 0.958889 0.970587 1.660776 0.401862 3.679254 5.224766 0.857710 0.090059 0.305709 0.380026 1.779798 1.002515 1.038140 0.455332 0.376764 5.111476 100.426127 1.555105 10.789180 1.511735 1.568961 1.086848 3.324622 5.032443 4.341341 1.000000 29.305336 24.569627 2.878044 4.058045 0.000000 71.233623 129.721653 1.220868 2255.802141 278329.641080 40322.203430 0.000000 2173.457598 2.021913 33.821821 0.000000 11148.218909 808428.100962 114607.606555 1839.834538 98680.625917 156802.506282 0.121506 11384855684340338906890240.000000 64.065217 223.095717 -33889.232801 0.085392
1.788500e+04 1575.034988 4293.750417 7493.475858 2957.898602 274622.182646 40121.717733 103475.034582 4899.142038 7323.250511 2765.688611 22.282273 329.021043 792.405899 19376.179155 35923.270376 72792.288882 2276427.985167 1884488.673524 552051.968579 1810303.667166 1285874.698530 411445.976200 176070.642141 662666.929061 169734.502525 26011.738009 32810.590734 25182.122903 290649.091717 146695.120098 438676.848394 43228.945792 97645.844348 95691.909050 1395841.179331 384113.948697 31992.341174 1036610.650422 603859.362814 12850.181009 538425.717796 114070.997135 144131.135251 115796.537953 132007.351391 1942148.362320 817208.964796 525527.424837 144109.702728 698421.318716 9731.841682 1764745.230947 303673.005504 1342335.572477 621993.885510 705925.508289 1834.328072 35523.323524 57546.966794 1545407.121589 13796293.302731 258985079.371921 3637142.111738 3449455.227102 7063312.921864 19838191.381153 13755247.489519 20359119.913111 226223.233896 1637267.150922 27.491659 66364604.983042 109748593.153767 12737.599833 3326035.026768 0.000000 4558933.723866 8384784.307499 4146316162.046458 1.137034 0.634043 1.406429 0.683396 0.549232 0.200229 1.611444 0.848521 0.984990 0.375997 0.287570 1.176056 2.318499 3.149756 2.950086 3.748764 0.962421 2.374114 1.803849 1.006673 4.400881 1.761604 1.260971 1.549898 0.953794 1.509795 0.898522 2.103138 0.966414 0.719859 1.013283 0.967130 1.277190 1.461415 2.509421 2.072041 1.154758 4.430433 1.434621 0.430370 1.024558 2.895859 0.524224 0.261516 0.452495 0.960472 0.972607 1.668498 0.398412 3.743743 5.382626 0.846522 0.085757 0.298515 0.365432 1.805653 1.002607 1.039058 0.443826 0.376176 5.144743 102.711908 1.540305 11.130943 1.525082 1.569452 1.088214 3.347757 5.172471 4.329608 1.000000 29.289900 24.688631 3.162915 4.070104 0.000000 71.471595 131.450455 1.224069 2254.423708 274622.182646 40121.717733 0.000000 2168.421688 1.995515 33.826772 0.000000 12850.181009 538425.717796 114070.997135 144131.135251 115796.537953 132007.351391 0.122104 11437810554097484313919488.000000 64.065217 230.790586 -34048.278453 0.087190
1.825000e+04 1559.784792 4291.775651 7466.013249 2927.026081 271007.906666 39930.461030 104238.711705 4860.336613 7295.591946 2760.019800 21.999679 329.082083 796.663126 19596.577068 34686.380446 74853.329838 2258435.482237 1865865.367539 552694.684805 1806170.147307 1273953.687227 401928.436256 176888.908077 661741.727830 169278.605165 25630.400663 32026.427531 25117.328778 290829.573828 146647.965170 439385.969372 42880.160789 97625.591513 96208.360970 1388411.962692 386064.927911 31688.819679 1060671.803434 608691.382068 11927.408385 87529.989547 112477.740808 1813.881215 109960.593174 116446.160541 1946141.115948 819151.413618 529089.613048 143050.603037 710309.999969 10023.268161 1758358.397209 289180.911886 1310818.305396 597490.108392 716221.462201 1834.504810 35555.183474 56094.266427 1544192.450367 13876713.245343 264764607.879933 3605215.989980 3554590.017366 7130124.781008 19870555.754252 13765816.583262 20486363.347276 232413.378813 1777932.867640 29.433093 66284177.043732 110056406.180331 13880.217140 3334058.740916 0.000000 4573766.191637 8486271.157312 4156923701.599052 1.126025 0.633751 1.401274 0.676263 0.542004 0.199275 1.623337 0.841800 0.981270 0.375226 0.283923 1.176274 2.330955 3.185583 2.848511 3.854906 0.954814 2.350652 1.805949 1.004374 4.360082 1.720855 1.266831 1.547734 0.951232 1.487661 0.877048 2.097726 0.967014 0.719628 1.014921 0.959327 1.276926 1.469302 2.496065 2.082565 1.143802 4.533269 1.446101 0.399465 0.166559 2.855412 0.006597 0.248336 0.399155 0.962447 0.974919 1.679808 0.395484 3.807469 5.543812 0.843458 0.081664 0.291506 0.351035 1.831989 1.002704 1.039990 0.432623 0.375881 5.174732 105.004033 1.526785 11.470199 1.539508 1.572013 1.089051 3.368681 5.314005 4.701586 1.000000 29.254404 24.757875 3.446642 4.079923 0.000000 71.704128 133.041491 1.227201 2253.305684 271007.906666 39930.461030 0.000000 2163.912403 1.970129 33.832433 0.000000 11927.408385 87529.989547 112477.740808 1813.881215 109960.593174 116446.160541 0.122854 11515361208411390419664896.000000 64.054348 237.770768 -34281.098433 0.089000
1.861500e+04 1544.094722 4290.466799 7438.779382 2896.823892 267479.313730 39759.505803 105002.983850 4824.332846 7271.581939 2754.779455 21.727957 329.145927 800.775580 19818.460913 34669.473321 76961.963211 2242051.419881 1848544.859017 553843.229860 1802553.041100 1262776.945930 392411.537123 177663.441908 660822.304346 168797.472708 25264.316117 31294.016308 25053.647257 291103.655952 146709.401986 440176.495325 42560.089724 97582.107184 96734.872729 1382596.268192 387954.337024 31398.130393 1084974.252998 613584.475718 9443.840944 356477.911995 112321.115499 142596.727516 86973.951449 145019.010129 1950241.251741 821071.973473 531602.753132 142059.003120 722049.502869 10320.702104 1738814.543070 275387.760638 1280099.525608 573346.758136 726708.283942 1834.688353 35587.651647 54683.484107 1544170.629996 13955676.662007 270563077.240158 3573995.787682 3661883.667869 7192876.101045 19882070.831182 13777930.195257 20608894.778620 238704.194608 1852173.452000 31.406793 66247559.612066 110493298.837508 15014.831923 3342739.287914 0.000000 4589676.645278 8593718.941761 4167609093.656816 1.114698 0.633558 1.396163 0.669285 0.534947 0.198421 1.635239 0.835564 0.978041 0.374514 0.280416 1.176502 2.342988 3.221652 2.847122 3.963500 0.947887 2.328832 1.809702 1.002363 4.321830 1.680108 1.272378 1.545584 0.948529 1.466413 0.856991 2.092408 0.967926 0.719929 1.016747 0.952166 1.276357 1.477343 2.485610 2.092757 1.133310 4.637137 1.457726 0.316287 0.678334 2.851436 0.518643 0.196423 0.497097 0.964475 0.977205 1.687787 0.392742 3.870396 5.708321 0.834083 0.077769 0.284675 0.336851 1.858812 1.002804 1.040940 0.421742 0.375875 5.204178 107.303671 1.513563 11.816421 1.553057 1.572924 1.090009 3.388829 5.457841 4.897908 1.000000 29.238243 24.856157 3.728382 4.090545 0.000000 71.953560 134.725978 1.230355 2252.541133 267479.313730 39759.505803 0.000000 2159.751161 1.945745 33.838533 0.000000 9443.840944 356477.911995 112321.115499 142596.727516 86973.951449 145019.010129 0.123516 11570078373993560405966848.000000 64.054348 245.535984 -34445.348484 0.090867
1.898000e+04 1528.661960 4289.796279 7411.858195 2867.263621 264019.681544 39605.246608 105767.050239 4790.729068 7248.743903 2749.837104 21.464790 329.205464 804.739803 20041.513064 34716.106606 79120.086949 2225018.707159 1830500.890668 552150.763851 1798875.268960 1251742.108566 382892.740211 178397.231260 659877.577094 168296.391089 24895.904207 30554.100988 24983.879172 291373.174233 146705.118434 441002.524727 42214.440518 97518.658003 97264.986170 1376541.336664 389780.419221 31101.729288 1109475.459232 618525.695488 8857.022509 774200.870364 111515.554653 1791.406970 78454.628970 216345.120522 1953859.145482 822854.395629 531822.374596 140865.565755 733632.894804 10624.070325 1716155.514766 262263.451012 1250142.713126 549568.332597 737389.182698 1834.878454 35620.806301 53317.033689 1545373.533254 14034536.775651 276379235.819013 3542831.746222 3768937.675856 7248266.219272 19879624.318496 13791319.948343 20729655.361913 245062.699682 1722969.642507 33.169348 66209595.915718 110867995.953111 16140.167057 3350524.755870 0.000000 4605140.636891 8698401.106321 4178170868.389112 1.103557 0.633459 1.391110 0.662455 0.528028 0.197652 1.647138 0.829744 0.974969 0.373842 0.277020 1.176715 2.354587 3.257911 2.850952 4.074642 0.940686 2.306100 1.804172 1.000318 4.284063 1.639354 1.277633 1.543374 0.945713 1.445029 0.836728 2.086581 0.968822 0.719908 1.018655 0.944433 1.275527 1.485439 2.474724 2.102608 1.122612 4.741854 1.469465 0.296634 1.473210 2.830985 0.006516 0.177183 0.741589 0.966264 0.979326 1.688484 0.389443 3.932487 5.876112 0.823214 0.074063 0.278013 0.322880 1.886133 1.002908 1.041910 0.411203 0.376168 5.233585 109.610324 1.500366 12.161871 1.565017 1.572730 1.091068 3.408686 5.603225 4.556240 1.000000 29.221487 24.940447 4.007818 4.100072 0.000000 72.195993 136.367107 1.233473 2252.102232 264019.681544 39605.246608 0.000000 2155.812736 1.922143 33.844364 0.000000 8857.022509 774200.870364 111515.554653 1791.406970 78454.628970 216345.120522 0.123849 11574866320805889172307968.000000 64.054348 253.614172 -34459.738503 0.092757
1.934500e+04 1513.081494 4289.693112 7385.740459 2838.224768 260623.115686 39479.923447 106532.677679 4759.388826 7227.527489 2745.118764 21.209173 329.258091 808.559895 20265.642328 36023.883390 81326.618914 2206592.246187 1811144.033180 549552.622418 1794889.957543 1240539.051348 373369.202463 179111.505479 658897.896972 167779.991184 24522.181379 29792.507684 24905.305365 291597.944107 146620.252024 441861.090622 41850.353913 97432.768367 97797.239453 1369306.745844 391542.970101 30795.101124 1134148.341963 623488.618335 10741.096922 682351.615735 109849.889492 141032.212262 94099.601544 265060.847384 1957101.867066 824539.417218 530684.382376 139553.678848 745056.159823 10933.325458 1691743.573017 249766.564683 1220856.141293 526172.855592 748267.521818 1835.074924 35654.706352 51997.378733 1547840.943584 14113221.798121 282223675.111337 3513056.264930 3878301.208817 7305002.672937 19884184.763437 13809128.034548 20855673.846573 251473.057443 1659697.556792 35.138486 66216703.791092 111355534.087883 17255.149694 3360141.570155 0.000000 4621901.667028 8808811.425134 4188815631.264323 1.092310 0.633443 1.386208 0.655746 0.521235 0.197026 1.659061 0.824316 0.972116 0.373200 0.273721 1.176903 2.365764 3.294345 2.958349 4.188277 0.932896 2.281713 1.795683 0.998102 4.245721 1.598579 1.282749 1.541083 0.942811 1.423337 0.815872 2.080019 0.969569 0.719492 1.020638 0.936288 1.274404 1.493567 2.461718 2.112116 1.111544 4.847305 1.481256 0.359734 1.298432 2.788700 0.512953 0.212515 0.908576 0.967868 0.981331 1.684871 0.385816 3.993719 6.047160 0.811504 0.070534 0.271500 0.309135 1.913958 1.003016 1.042901 0.401026 0.376769 5.262928 111.928193 1.487756 12.514773 1.577267 1.573091 1.092477 3.429408 5.749794 4.388923 1.000000 29.224624 25.050122 4.284683 4.111841 0.000000 72.458760 138.098039 1.236616 2251.963973 260623.115686 39479.923447 0.000000 2152.030618 1.899214 33.849550 0.000000 10741.096922 682351.615735 109849.889492 141032.212262 94099.601544 265060.847384 0.124060 11550095856483169650868224.000000 64.054348 261.952812 -34385.408764 0.094708
1.971000e+04 1497.868169 4289.848634 7359.401111 2809.687812 257310.717610 39358.717288 107300.971242 4728.625451 7203.579713 2740.880440 20.962731 329.318470 812.264850 20490.608454 35012.376040 83588.539077 2190036.994743 1794310.422170 549195.945718 1791363.827269 1230158.225496 364082.421991 179775.084687 657987.138442 167252.484843 24174.323084 29075.237882 24840.373390 291905.090301 146627.998178 442841.906486 41540.699075 97381.688264 98352.279534 1363007.980777 393243.132208 30519.241226 1159026.131170 628466.205759 12161.445063 184925.163239 109871.437657 1767.862478 108690.679723 296549.571587 1960759.928417 826402.725203 527803.644570 138483.319491 756320.971535 11248.567260 1684979.685143 237869.338114 1192137.796905 503208.802490 759346.384686 1835.277382 35689.169128 50726.489309 1551484.818195 14190070.166073 288067504.873403 3485591.682901 3986710.343640 7368075.268857 19917769.020132 13820731.162211 20969922.480694 257920.345913 1763110.346011 37.557032 66172753.566834 111639449.841865 18357.006976 3368082.559163 0.000000 4638461.172205 8911146.499178 4199238229.942651 1.081327 0.633466 1.381265 0.649153 0.514610 0.196421 1.671026 0.818988 0.968895 0.372624 0.270540 1.177119 2.376604 3.330915 2.875282 4.304765 0.925897 2.260506 1.794517 0.996141 4.210193 1.558817 1.287501 1.538953 0.939847 1.403146 0.796229 2.074596 0.970591 0.719530 1.022904 0.929360 1.273735 1.502044 2.450394 2.121287 1.101587 4.953632 1.493081 0.407303 0.351890 2.789247 0.006430 0.245468 1.016514 0.969677 0.983549 1.675725 0.382857 4.054102 6.221518 0.808259 0.067174 0.265113 0.295643 1.942296 1.003126 1.043909 0.391224 0.377656 5.291585 114.245821 1.476125 12.864595 1.590885 1.575748 1.093395 3.448195 5.897208 4.662389 1.000000 29.205227 25.113991 4.558289 4.121558 0.000000 72.718368 139.702372 1.239693 2251.977139 257310.717610 39358.717288 0.000000 2148.631770 1.877078 33.855223 0.000000 12161.445063 184925.163239 109871.437657 1767.862478 108690.679723 296549.571587 0.124175 11487381074275714644049920.000000 64.054348 269.377318 -34197.221655 0.096671
2.007500e+04 1482.848394 4290.398615 7333.473984 2781.774350 254082.648759 39248.911471 108069.877468 4699.856390 7182.146589 2737.003097 20.725578 329.384196 815.846828 20717.153550 34778.470762 85909.297284 2175363.836624 1779313.273772 550369.624881 1788312.517491 1220604.820530 355031.449810 180426.517640 657120.442170 166715.653968 23848.009240 28403.718818 24781.129405 292314.242629 146774.598309 443913.037140 41275.612472 97321.445547 98919.798768 1358398.031214 394881.289346 30262.644511 1184105.272882 633474.806108 11072.969514 171094.991644 109050.235502 139538.561940 101344.000826 308566.241825 1964688.612549 828307.186720 523106.979488 137641.895838 767427.791824 11569.794155 1671102.510665 226539.102145 1164005.261143 480704.388029 770629.218143 1835.485632 35724.260521 49506.448000 1556282.032612 14264423.464754 293929247.951949 3458892.020988 4097160.345417 7432563.355762 19940025.002707 13831755.422155 21080332.415507 264446.332025 1894501.744371 40.202481 66128607.379229 112054490.877475 19442.254105 3376571.466704 0.000000 4655283.367296 9016495.109107 4209720290.684485 1.070484 0.633548 1.376398 0.642704 0.508154 0.195873 1.683000 0.814005 0.966012 0.372097 0.267480 1.177354 2.387085 3.367742 2.856073 4.424282 0.919693 2.241612 1.798352 0.994444 4.177497 1.520066 1.292166 1.536926 0.936830 1.384206 0.777839 2.069648 0.971951 0.720249 1.025378 0.923429 1.272947 1.510711 2.442106 2.130124 1.092325 5.060819 1.504980 0.370849 0.325573 2.768400 0.507521 0.228876 1.057704 0.971619 0.985816 1.660813 0.380531 4.113637 6.399187 0.801603 0.063974 0.258857 0.282422 1.971156 1.003240 1.044936 0.381814 0.378824 5.319312 116.570552 1.464818 13.221003 1.604809 1.577509 1.094267 3.466350 6.046421 5.009842 1.000000 29.185743 25.207357 4.827770 4.131946 0.000000 72.982094 141.353950 1.242787 2252.212900 254082.648759 39248.911471 0.000000 2145.531183 1.855790 33.861474 0.000000 11072.969514 171094.991644 109050.235502 139538.561940 101344.000826 308566.241825 0.124178 11385133732861210330660864.000000 64.043478 277.310003 -33890.387898 0.098689
2.044000e+04 1467.757964 4291.448442 7307.994396 2754.503340 250929.586625 39146.718776 108837.360676 4672.824456 7161.762268 2733.414759 20.496471 329.452331 819.306285 20945.132552 34064.659761 88292.162296 2161247.255406 1764860.925113 550407.367681 1785514.156351 1211621.487420 346196.137848 181063.002834 656271.691481 166172.113494 23531.359858 27757.587892 24722.990870 292779.996840 146939.171655 445030.841660 41013.572942 97253.861200 99494.679163 1354391.474244 396456.731366 30012.816854 1209355.294546 638530.441121 8809.891395 577963.219059 107945.536281 1747.373117 80324.684716 304190.230152 1968667.401727 830145.842679 517174.003517 137040.329717 778376.677154 11896.925836 1655561.794085 215755.293923 1136508.994756 458668.977195 782119.450707 1835.699449 35760.032375 48338.926459 1562254.405700 14337164.885287 299805901.626355 3432077.617585 4207041.946187 7494396.782342 19949023.741413 13841786.547621 21187828.149267 271032.313549 1861802.407949 42.691455 66071993.621168 112397805.789053 20506.672732 3383789.204452 0.000000 4670818.925708 9116344.106344 4220067536.443486 1.059590 0.633703 1.371616 0.636403 0.501848 0.195363 1.694953 0.809323 0.963270 0.371609 0.264523 1.177597 2.397207 3.404802 2.797454 4.546999 0.913725 2.223405 1.798475 0.992888 4.146751 1.482237 1.296725 1.534941 0.933776 1.365827 0.760145 2.064792 0.973500 0.721057 1.027960 0.917567 1.272063 1.519491 2.434904 2.138622 1.083307 5.168736 1.516991 0.295055 1.099793 2.740355 0.006355 0.181406 1.042704 0.973587 0.988004 1.641977 0.378868 4.172327 6.580121 0.794148 0.060929 0.252742 0.269476 2.000546 1.003357 1.045982 0.372810 0.380277 5.346438 118.901198 1.453462 13.575576 1.618160 1.578221 1.095061 3.484026 6.197006 4.923371 1.000000 29.160757 25.284588 5.092079 4.140779 0.000000 73.225649 142.919309 1.245842 2252.727408 250929.586625 39146.718776 0.000000 2142.660695 1.835236 33.868032 0.000000 8809.891395 577963.219059 107945.536281 1747.373117 80324.684716 304190.230152 0.124005 11255971892550409851502592.000000 64.032609 285.441605 -33502.762592 0.100725
2.080500e+04 1452.419504 4292.966761 7283.594773 2727.792840 247833.511314 39065.358667 109603.719625 4648.112580 7144.331380 2729.907407 20.273230 329.513048 822.632046 21174.645772 35553.583938 90734.810172 2145248.992009 1748401.146781 548195.558070 1782370.169205 1202312.808053 337490.469855 181656.025774 655371.034777 165623.644640 23204.674398 27091.923821 24651.377249 293173.180335 146985.012616 446147.071849 40710.223267 97145.490497 100063.589987 1349127.845083 397969.622961 29743.831169 1234720.788461 643628.690432 8532.320917 780241.035040 107584.445028 138273.596239 74744.133533 284925.248633 1972190.407245 831848.457524 512080.002021 136315.535807 789167.592019 12229.809240 1629239.011252 205488.444601 1109688.909384 437103.015783 793820.822766 1835.918745 35796.638388 47225.675019 1569474.343367 14408996.028770 305709042.160138 3405232.942052 4319410.110155 7553960.745733 19944248.781649 13858097.783561 21305540.865038 277647.334264 1728687.847314 45.100965 66072082.671306 112906358.007716 21546.030342 3392849.239436 0.000000 4686503.263538 9220545.592398 4230534278.715617 1.048517 0.633927 1.367037 0.630232 0.495656 0.194957 1.706887 0.805043 0.960926 0.371132 0.261642 1.177814 2.406938 3.442111 2.919727 4.672794 0.906961 2.202669 1.791248 0.991140 4.114892 1.444964 1.300972 1.532834 0.930694 1.346865 0.741916 2.058811 0.974807 0.721282 1.030538 0.910780 1.270646 1.528179 2.425441 2.146783 1.073598 5.277148 1.529103 0.285759 1.484703 2.731188 0.502920 0.168803 0.976668 0.975329 0.990030 1.625804 0.376864 4.230169 6.764237 0.781521 0.058030 0.246778 0.256805 2.030476 1.003477 1.047053 0.364224 0.382035 5.373224 121.242347 1.442093 13.938174 1.631021 1.577843 1.096351 3.503382 6.348255 4.571362 1.000000 29.160796 25.398990 5.350165 4.151865 0.000000 73.471536 144.552903 1.248932 2253.505987 247833.511314 39065.358667 0.000000 2139.836746 1.815225 33.874052 0.000000 8532.320917 780241.035040 107584.445028 138273.596239 74744.133533 284925.248633 0.123845 11145074665369066838949888.000000 64.043478 294.399833 -33169.910579 0.102826
2.117000e+04 1437.176272 4294.906695 7259.600083 2701.541011 244807.527979 38989.864105 110371.212657 4623.756205 7124.462660 2726.700834 20.056638 329.577202 825.854567 21405.098631 35115.613112 93240.843648 2129587.967463 1732865.801901 546940.725041 1779332.451868 1193384.091148 329089.486347 182230.508206 654506.390542 165073.317119 22890.536906 26448.583842 24585.909164 293585.077740 147024.991632 447332.917631 40428.238850 97061.568733 100645.859374 1343502.528679 399433.022517 29489.973930 1260220.620635 648777.896839 10391.568473 444593.501466 106589.311479 1726.938695 90390.244675 255495.615615 1975779.563442 833691.513680 510318.793327 135588.534636 799806.392008 12568.487149 1619402.222251 195719.308833 1083557.667355 416039.942484 805736.750662 1836.143161 35833.906730 46167.916243 1577900.618512 14479492.267195 311625006.326363 3380227.154543 4430798.247799 7619179.103361 19968484.274150 13870977.229435 21418816.720156 284277.435848 1748289.978152 48.005717 66036896.747988 113235553.787702 22555.391737 3400916.280051 0.000000 4700854.025376 9315566.562889 4240816883.430663 1.037513 0.634213 1.362533 0.624167 0.489604 0.194581 1.718840 0.800825 0.958253 0.370696 0.258847 1.178044 2.416367 3.479573 2.883760 4.801853 0.900340 2.183097 1.787148 0.989450 4.084334 1.408995 1.305086 1.530812 0.927602 1.328632 0.724298 2.053344 0.976177 0.721478 1.033277 0.904472 1.269548 1.537072 2.415328 2.154677 1.064436 5.386133 1.541337 0.348028 0.846007 2.705925 0.006281 0.204138 0.875789 0.977104 0.992224 1.620212 0.374854 4.287196 6.951558 0.776803 0.055271 0.240967 0.244430 2.060956 1.003600 1.048143 0.356066 0.384086 5.399513 123.588583 1.431504 14.297609 1.645103 1.579760 1.097370 3.522009 6.499849 4.623198 1.000000 29.145267 25.473044 5.600803 4.161737 0.000000 73.696517 146.042571 1.251968 2254.509443 244807.527979 38989.864105 0.000000 2137.243855 1.795780 33.880187 0.000000 10391.568473 444593.501466 106589.311479 1726.938695 90390.244675 255495.615615 0.123977 11106730108390810077626368.000000 64.054348 302.356697 -33054.737331 0.104939
2.153500e+04 1421.887309 4297.359128 7236.075447 2675.801113 241859.269360 38917.431521 111139.424319 4600.489739 7105.630116 2723.788208 19.847598 329.646604 828.975102 21637.074468 34966.993965 95813.685384 2115592.114581 1719151.859106 547681.944967 1776623.325266 1185169.438872 320987.272818 182766.573051 653679.087330 164521.375064 22596.649456 25846.950903 24526.974985 294081.482568 147190.776241 448611.583927 40194.222202 96978.856078 101240.152232 1338789.182685 400861.834724 29256.154342 1285872.271408 653988.165569 11541.647657 84882.113060 105809.695226 136797.347353 102610.842872 223219.509256 1979519.568231 835670.441239 511473.992781 135032.486139 810298.772249 12913.021011 1608588.748357 186420.249767 1058112.093631 395512.119451 817870.900341 1836.372407 35871.834877 45166.909128 1587513.295650 14542725.609387 317565965.748078 3356546.042452 4544130.074013 7688333.207588 19995264.208823 13882810.352515 21527104.250568 290935.494478 1892184.561934 51.437791 66016987.674620 113621733.044429 23532.559114 3409570.289045 0.000000 4714221.198548 9409733.717928 4251153565.182566 1.026476 0.634576 1.358118 0.618220 0.483708 0.194219 1.730803 0.796795 0.955720 0.370300 0.256149 1.178292 2.425497 3.517283 2.871555 4.934353 0.894423 2.165820 1.789570 0.987944 4.056220 1.374306 1.308925 1.528877 0.924500 1.311574 0.707822 2.048422 0.977827 0.722291 1.036231 0.899236 1.268466 1.546148 2.406854 2.162385 1.055996 5.495767 1.553715 0.386546 0.161520 2.686134 0.497550 0.231737 0.765153 0.978954 0.994579 1.623880 0.373317 4.343438 7.142118 0.771616 0.052645 0.235308 0.232370 2.091993 1.003725 1.049252 0.348346 0.386426 5.423093 125.944731 1.421475 14.663316 1.660034 1.581879 1.098306 3.539815 6.652082 5.003714 1.000000 29.136480 25.559918 5.843447 4.172327 0.000000 73.906078 147.518855 1.255019 2255.777542 241859.269360 38917.431521 0.000000 2134.894373 1.777014 33.886808 0.000000 11541.647657 84882.113060 105809.695226 136797.347353 102610.842872 223219.509256 0.124410 11131879273649125000740864.000000 64.054348 310.436241 -33130.037630 0.107108
2.190000e+04 1406.937246 4300.384908 7212.945833 2650.618197 238985.931307 38843.799689 111906.224946 4578.275105 7087.122677 2721.159720 19.645808 329.721800 831.995846 21870.547222 33751.062113 98459.565692 2103080.481803 1706961.192442 548656.323629 1774149.800095 1177726.404178 313145.033247 183268.776632 652872.536367 163968.581548 22319.434915 25284.378913 24473.833425 294680.995990 147448.534403 449965.661811 39988.643258 96900.159451 101844.614275 1335287.378121 402265.875704 29038.863893 1311665.144875 659276.306586 10317.353159 401197.871620 105715.808559 1707.540822 93958.285870 189225.475100 1983521.463714 837721.872754 513249.140294 134568.253080 820648.150556 13263.432787 1598412.766221 177572.065623 1033337.459564 375534.577827 830226.951920 1836.606130 35910.421639 44223.520741 1598312.708059 14597828.008805 323531319.747705 3333181.894786 4656532.351929 7756209.467875 20013521.989930 13892307.844262 21627200.248063 297648.321667 1944732.412993 54.866289 65989022.430855 113913760.658902 24480.466015 3416743.710475 0.000000 4725862.662768 9496313.212729 4261348559.301832 1.015683 0.635022 1.353777 0.612401 0.477961 0.193852 1.742745 0.792948 0.953231 0.369943 0.253545 1.178561 2.434335 3.555236 2.771701 5.070614 0.889133 2.150462 1.792754 0.986568 4.030746 1.340729 1.312522 1.526990 0.921394 1.295483 0.692416 2.043984 0.979821 0.723556 1.039358 0.894637 1.267437 1.555379 2.400559 2.169959 1.048153 5.606005 1.566278 0.345542 0.763430 2.683750 0.006211 0.212196 0.648628 0.980933 0.997021 1.629516 0.372033 4.398914 7.335929 0.766734 0.050146 0.229799 0.220633 2.123598 1.003853 1.050381 0.341070 0.389054 5.443641 128.310554 1.411580 15.026023 1.674690 1.583323 1.099058 3.556274 6.805567 5.142672 1.000000 29.124138 25.625611 6.078825 4.181105 0.000000 74.088584 148.876184 1.258029 2257.334501 238985.931307 38843.799689 0.000000 2132.780509 1.758905 33.893995 0.000000 10317.353159 401197.871620 105715.808559 1707.540822 93958.285870 189225.475100 0.124858 11170529778996776376729600.000000 64.054348 318.516346 -33245.797024 0.109290
2.226500e+04 1392.361368 4303.983715 7190.964428 2625.949903 236163.042940 38785.566335 112670.911694 4558.333504 7072.308971 2718.540009 19.448856 329.790483 834.898696 22105.700378 35215.408594 101170.184984 2088882.589085 1692748.718305 546709.490010 1771251.262318 1169975.400221 305403.455309 183720.602598 651977.380274 163391.522990 22032.018443 24702.486109 24405.816248 295151.323171 147597.326301 451318.100056 39735.877173 96771.980272 102438.772053 1330552.550834 403649.228359 28800.056770 1337524.034552 664630.668769 8261.493109 783982.498558 104453.076098 135676.610643 74634.578530 157887.303510 1987305.187564 839605.864950 514254.405749 133929.271709 830857.961002 13619.597615 1572570.589421 169147.994335 1009209.683725 356097.881303 842809.029314 1836.844192 35949.907469 43338.773908 1610383.271460 14646744.266423 329534823.835816 3309371.185787 4771518.727562 7818745.439318 20007003.204913 13908467.300372 21736433.240870 304374.551413 1791617.580114 57.947939 66019164.382562 114397472.847463 25409.167948 3425649.375623 0.000000 4737045.601039 9586974.682400 4271693199.702200 1.005160 0.635554 1.349651 0.606702 0.472316 0.193561 1.754654 0.789494 0.951238 0.369587 0.251003 1.178806 2.442829 3.593462 2.891955 5.210210 0.883131 2.132557 1.786393 0.984957 4.004218 1.307584 1.315758 1.524897 0.918151 1.278801 0.676481 2.038303 0.981384 0.724286 1.042482 0.888982 1.265761 1.564453 2.392046 2.177421 1.039533 5.716525 1.578999 0.276689 1.491823 2.651694 0.493474 0.168555 0.541207 0.982804 0.999263 1.632707 0.370267 4.453642 7.532921 0.754338 0.047767 0.224433 0.209213 2.155781 1.003983 1.051536 0.334247 0.391993 5.461882 130.691507 1.401497 15.397069 1.688192 1.582808 1.100336 3.574236 6.959358 4.737774 1.000000 29.137441 25.734425 6.309434 4.192003 0.000000 74.263902 150.297507 1.261083 2259.184599 236163.042940 38785.566335 0.000000 2130.660984 1.741255 33.900783 0.000000 8261.493109 783982.498558 104453.076098 135676.610643 74634.578530 157887.303510 0.125161 11192422816025730971860992.000000 64.054348 327.853101 -33311.228378 0.111541
2.263000e+04 1378.201896 4307.953655 7169.632977 2601.660151 233397.357395 38734.826375 113436.125315 4538.765999 7055.421107 2716.108588 19.257044 329.861870 837.713215 22341.853446 35105.563729 103950.701039 2074276.382108 1678498.681992 544802.506626 1768353.918689 1162322.655481 297771.849768 184133.459679 651072.207164 162807.897003 21748.326388 24120.343141 24338.839077 295634.181341 147680.304504 452723.722708 39480.423608 96658.653743 103039.388306 1324956.431148 405020.323247 28565.576079 1363451.083526 670046.027677 8260.675035 623288.737257 103753.041251 1688.810599 71724.027913 129872.354615 1991277.863824 841560.895652 516341.721940 133197.922317 840936.419247 13981.602487 1560637.196236 161130.806102 985702.874203 337222.031226 855621.015619 1837.086240 35990.179145 42513.198808 1623741.103898 14696287.592744 335558533.099641 3287112.423292 4885495.214928 7885216.017004 20027634.230391 13923121.844080 21844762.129292 311095.993501 1747138.203448 61.496324 66022266.227031 114734960.903087 26332.148458 3433935.943421 0.000000 4747187.462855 9670335.882046 4281889931.247625 0.994939 0.636140 1.345647 0.601090 0.466785 0.193308 1.766570 0.786105 0.948967 0.369256 0.248527 1.179061 2.451064 3.631850 2.882935 5.353405 0.876956 2.114604 1.780161 0.983345 3.978027 1.274909 1.318715 1.522780 0.914871 1.262335 0.660539 2.032709 0.982990 0.724694 1.045729 0.883267 1.264278 1.573626 2.381986 2.184817 1.031070 5.827336 1.591865 0.276661 1.186042 2.633923 0.006142 0.161982 0.445177 0.984769 1.001590 1.639334 0.368245 4.507665 7.733144 0.748614 0.045503 0.219205 0.198123 2.188552 1.004115 1.052714 0.327880 0.395244 5.480357 133.080474 1.392070 15.764856 1.702544 1.584440 1.101495 3.592049 7.113040 4.620152 1.000000 29.138810 25.810345 6.538622 4.202144 0.000000 74.422898 151.604383 1.264093 2261.235698 233397.357395 38734.826375 0.000000 2128.679323 1.724041 33.907646 0.000000 8260.675035 623288.737257 103753.041251 1688.810599 71724.027913 129872.354615 0.125550 11237867565811166466801664.000000 64.054348 336.211358 -33447.317730 0.113806
2.299500e+04 1364.429794 4312.264364 7148.792650 2577.773856 230699.326933 38686.270014 114202.125837 4519.835238 7038.736873 2713.906613 19.071406 329.938381 840.443843 22579.474352 35115.907274 106805.437597 2060976.201541 1665649.785149 545042.669632 1765743.175278 1155212.767471 290327.101565 184489.142671 650192.351712 162219.533648 21480.552727 23563.069555 24277.435781 296187.993828 147857.765800 454215.885668 39265.217417 96548.996518 103649.720351 1319869.798728 406391.823540 28347.804579 1389474.040119 675514.206407 10069.255976 129089.088344 103467.716576 134245.100480 87195.076220 107789.461161 1995246.794529 843586.964231 519729.267368 132605.780661 850893.506816 14349.611619 1550459.271564 153497.458635 962791.759620 318936.038174 868667.028753 1837.332031 36031.234952 41747.398750 1638377.118796 14744691.882132 341604949.397885 3266330.244268 5001379.635322 7956618.925025 20057506.937006 13936613.192417 21950149.067400 317799.183346 1867241.993265 65.834309 66025479.269858 115121414.851655 27266.126487 3442982.986071 0.000000 4757194.215798 9753537.469157 4292150348.409494 0.984996 0.636777 1.341736 0.595571 0.461389 0.193065 1.778500 0.782826 0.946723 0.368957 0.246131 1.179335 2.459053 3.670478 2.883784 5.500422 0.871333 2.098417 1.780946 0.981894 3.953694 1.243034 1.321262 1.520722 0.911565 1.246792 0.645278 2.027581 0.984831 0.725564 1.049176 0.878452 1.262844 1.582947 2.372841 2.192216 1.023209 5.938557 1.604856 0.337233 0.245641 2.626679 0.488267 0.196922 0.369481 0.986732 1.004001 1.650090 0.366608 4.561038 7.936688 0.743732 0.043347 0.214110 0.187380 2.221922 1.004249 1.053915 0.321973 0.398807 5.498408 135.478446 1.383269 16.138800 1.717961 1.586803 1.102563 3.609379 7.266305 4.937756 1.000000 29.140228 25.897281 6.770541 4.213215 0.000000 74.579777 152.908756 1.267122 2263.467616 230699.326933 38686.270014 0.000000 2126.887810 1.707374 33.914968 0.000000 10069.255976 129089.088344 103467.716576 134245.100480 87195.076220 107789.461161 0.126120 11311617159373163289640960.000000 64.054348 344.460482 -33668.319027 0.116129
2.336000e+04 1350.965142 4317.078968 7128.232627 2554.373120 228073.788990 38631.793500 114966.145922 4501.453104 7021.565494 2711.976997 18.892227 330.022242 843.094015 22818.627990 33605.434725 109743.232892 2049794.533900 1654920.669610 546377.602107 1763559.489441 1148932.198280 283151.986895 184844.330632 649364.532889 161629.329993 21232.780839 23047.015926 24226.395548 296877.660004 148170.507175 455802.804066 39094.758461 96453.752675 104272.505425 1316666.319069 407772.744422 28153.036581 1415606.074060 681049.960788 10971.630284 230002.320375 102644.308470 1670.171412 97281.358048 116708.143737 1999253.238567 845656.951588 522591.403913 132127.263607 860738.661897 14723.769391 1544445.987180 146232.428790 940454.774807 301257.318393 881951.170631 1837.581334 36073.062446 41041.616804 1654276.086056 14792484.937026 347663794.162848 3246126.095008 5116058.555150 8027093.296048 20084196.339553 13945105.519988 22043889.607946 324537.569131 1981934.155215 70.451548 65991543.890981 115371463.569217 28229.413595 3450124.166383 0.000000 4765650.730153 9829365.071059 4302271723.171593 0.975276 0.637487 1.337877 0.590165 0.456138 0.192794 1.790398 0.779642 0.944413 0.368695 0.243819 1.179634 2.466807 3.709354 2.759741 5.651717 0.866605 2.084900 1.785308 0.980679 3.932198 1.212314 1.323806 1.518786 0.908249 1.232411 0.631145 2.023318 0.987124 0.727099 1.052841 0.874639 1.261598 1.592458 2.367082 2.199665 1.016179 6.050244 1.618007 0.367455 0.437666 2.605776 0.006075 0.219701 0.400053 0.988713 1.006465 1.659177 0.365285 4.613811 8.143632 0.740847 0.041296 0.209143 0.176994 2.255901 1.004386 1.055138 0.316530 0.402677 5.516230 137.881347 1.374713 16.508854 1.733178 1.588915 1.103235 3.624793 7.420375 5.241049 1.000000 29.125251 25.953531 7.009738 4.221953 0.000000 74.712352 154.097525 1.270110 2265.963548 228073.788990 38631.793500 0.000000 2125.326861 1.691289 33.922986 0.000000 10971.630284 230002.320375 102644.308470 1670.171412 97281.358048 116708.143737 0.126621 11373930441481731092512768.000000 64.054348 352.367941 -33854.966394 0.118464
2.372500e+04 1337.806811 4322.465516 7108.772537 2531.443140 225499.992779 38588.840460 115727.007088 4485.199568 7008.195316 2710.059863 18.717658 330.101404 845.646867 23059.706733 34536.350289 112762.335182 2037891.500563 1642981.726683 545596.088936 1761205.003706 1142591.497989 276058.190419 185174.460574 648493.027134 161039.000894 20980.445875 22528.459656 24165.936481 297539.360671 148444.798837 457405.862326 38897.561665 96315.758927 104887.400168 1313147.019404 409165.824411 27945.058886 1441776.044609 686649.096694 9622.999062 635825.027683 102016.499799 133230.788008 87290.813336 230436.279077 2002982.553645 847510.218860 523526.169063 131377.221146 870477.212617 15104.006549 1523013.492827 139314.093203 918674.671613 284174.741175 895478.015309 1837.834252 36115.930460 40396.386674 1671514.798845 14840219.420436 353750941.568037 3225403.500661 5233266.647042 8086060.136394 20082708.777100 13958437.938904 22143125.077818 331276.964667 1903157.373995 74.726442 66010093.268254 115812021.928826 29240.543589 3458490.770082 0.000000 4773688.829535 9909587.361078 4312555386.486528 0.965777 0.638283 1.334225 0.584867 0.450990 0.192579 1.802247 0.776827 0.942615 0.368434 0.241566 1.179917 2.474277 3.748543 2.836190 5.807199 0.861573 2.069859 1.782754 0.979370 3.910497 1.181942 1.326170 1.516747 0.904931 1.217765 0.616945 2.018269 0.989325 0.728445 1.056544 0.870227 1.259793 1.601849 2.360755 2.207179 1.008672 6.162094 1.631309 0.322287 1.209897 2.589838 0.484578 0.197138 0.789890 0.990557 1.008670 1.662144 0.363211 4.666012 8.353939 0.730567 0.039342 0.204299 0.166957 2.290501 1.004524 1.056392 0.311554 0.406873 5.534031 140.295472 1.365937 16.887070 1.745910 1.588797 1.104289 3.641111 7.574467 5.032731 1.000000 29.133437 26.052637 7.260815 4.232192 0.000000 74.838367 155.355191 1.273146 2268.761473 225499.992779 38588.840460 0.000000 2123.771902 1.675644 33.930786 0.000000 9622.999062 635825.027683 102016.499799 133230.788008 87290.813336 230436.279077 0.126886 11394286898911189940568064.000000 64.043478 361.600142 -33915.675713 0.120868
2.409000e+04 1324.911571 4328.347232 7090.023045 2508.891232 222974.674284 38551.678566 116486.053965 4469.662344 6993.863131 2708.224860 18.547040 330.179824 848.119762 23301.995615 34688.515344 115858.873154 2025059.191730 1630251.280950 543630.548459 1758758.561552 1136156.906657 269095.865358 185475.563955 647604.460974 160450.210450 20725.576490 22004.735232 24102.556789 298161.363463 148614.027884 459039.303888 38676.038525 96176.148986 105502.203509 1308896.870527 410575.454509 27732.212826 1467958.922384 692300.448106 7785.608649 725418.306578 101475.798490 1653.538704 69790.171996 287192.209125 2006863.820395 849320.053693 522932.177239 130436.819148 880117.193175 15490.375279 1508516.838284 132727.202911 897399.493507 267690.590582 909251.982122 1838.090810 36159.844064 39811.892602 1690132.106245 14887875.685117 359857928.867706 3205320.373054 5349502.105381 8145961.508127 20092419.637022 13971643.292556 22244975.998342 337982.489696 1793845.025788 79.098704 66000111.631775 116162120.735527 30311.267569 3466225.497890 0.000000 4780565.197814 9984654.480476 4322728179.086074 0.956468 0.639151 1.330706 0.579657 0.445940 0.192394 1.814068 0.774136 0.940687 0.368184 0.239364 1.180198 2.481512 3.787929 2.848686 5.966669 0.856148 2.053821 1.776332 0.978010 3.888475 1.152133 1.328326 1.514669 0.901623 1.202971 0.602602 2.012976 0.991393 0.729276 1.060317 0.865271 1.257967 1.611238 2.353114 2.214783 1.000989 6.273998 1.644736 0.260751 1.380382 2.576111 0.006014 0.157615 0.984438 0.992477 1.010824 1.660259 0.360611 4.717686 8.567638 0.723613 0.037482 0.199568 0.157273 2.325732 1.004664 1.057676 0.307046 0.411405 5.551802 142.717466 1.357432 17.262146 1.758843 1.589565 1.105334 3.657859 7.727785 4.743664 1.000000 29.129032 26.131394 7.526690 4.241657 0.000000 74.946170 156.532038 1.276149 2271.823069 222974.674284 38551.678566 0.000000 2122.268858 1.660343 33.938426 0.000000 7785.608649 725418.306578 101475.798490 1653.538704 69790.171996 287192.209125 0.126976 11381358447347776192774144.000000 64.032609 370.275384 -33876.490483 0.123290
2.445500e+04 1312.313696 4334.646856 7071.964910 2486.692769 220504.416153 38522.174987 117244.994126 4454.889573 6979.908316 2706.516947 18.380992 330.260480 850.519356 23545.747832 35197.065168 119039.067855 2012514.417637 1617849.512599 543132.113393 1756440.469847 1129933.978226 262354.291409 185746.300312 646724.882431 159866.484358 20477.924342 21491.611491 24040.718632 298797.144294 148795.526554 460741.116569 38470.354311 96034.555280 106121.155242 1304573.450773 412004.365237 27526.875167 1494172.649382 697952.188575 8030.578887 335625.957732 100531.286627 131917.786255 69312.675670 326011.216841 2010782.682613 851207.059077 519180.646411 129605.211996 889668.697411 15883.038355 1496402.915807 126449.300469 876488.131776 251819.724214 923277.608247 1838.351159 36204.828113 39288.494800 1710154.004403 14935104.983379 365988830.467182 3186529.674186 5467764.664488 8211321.953746 20115667.799847 13985460.952984 22348723.669440 344638.528249 1843527.804559 84.398712 66008557.306226 116569185.918571 31444.123644 3475140.431755 0.000000 4787348.441376 10060553.874637 4332985808.581507 0.947373 0.640082 1.327316 0.574528 0.440999 0.192247 1.825887 0.771577 0.938810 0.367952 0.237221 1.180486 2.488533 3.827553 2.890449 6.130448 0.850844 2.038197 1.774703 0.976721 3.867177 1.123269 1.330265 1.512612 0.898343 1.188597 0.588550 2.007811 0.993507 0.730166 1.064248 0.860669 1.256115 1.620691 2.345341 2.222491 0.993578 6.386035 1.658163 0.268955 0.638655 2.552134 0.479803 0.156536 1.117502 0.994415 1.013070 1.648348 0.358312 4.768884 8.784817 0.717802 0.035709 0.194918 0.147948 2.361608 1.004806 1.058992 0.303009 0.416278 5.569414 145.148945 1.349474 17.643764 1.772956 1.591404 1.106427 3.674918 7.879972 4.875046 1.000000 29.132759 26.222966 7.807993 4.252566 0.000000 75.052513 157.721932 1.279178 2275.119329 220504.416153 38522.174987 0.000000 2120.865673 1.645441 33.946214 0.000000 8030.578887 335625.957732 100531.286627 131917.786255 69312.675670 326011.216841 0.126874 11299686023403248914792448.000000 64.032609 378.744466 -33631.019663 0.125775
2.482000e+04 1300.014546 4341.366338 7053.993533 2464.886922 218101.193941 38484.550140 118002.657639 4440.125057 6964.330334 2705.071529 18.220600 330.349433 852.860097 23790.968944 33683.773681 122311.932245 2002075.997641 1607730.568860 544549.775679 1754542.005147 1124501.536166 255890.055329 185985.040808 645860.815953 159284.061439 20252.081766 21018.529633 23991.192514 299539.240021 149114.226732 462541.208707 38318.421623 95918.853540 106751.933024 1301973.445390 413454.383494 27348.372767 1520464.468146 703619.666601 9776.928646 95123.928067 100324.112310 1635.802146 84522.053924 343713.733749 2014714.728544 853215.870906 513571.518647 129043.012131 899140.861510 16282.239958 1493712.447600 120469.572028 855965.141439 236578.969011 937559.271516 1838.615378 36250.801780 38826.218445 1731564.507581 14974882.310242 372142105.821810 3168760.406518 5584552.052801 8281457.624111 20149599.483195 13993988.798632 22440945.578720 351277.237321 1993107.376737 90.498319 65984546.142495 116809379.037886 32631.628348 3482226.167006 0.000000 4792476.694892 10128278.949973 4343094648.422421 0.938494 0.641074 1.323943 0.569490 0.436193 0.192059 1.837686 0.769020 0.936715 0.367756 0.235151 1.180804 2.495382 3.867416 2.766175 6.298998 0.846431 2.025449 1.779336 0.975665 3.848585 1.095592 1.331975 1.510591 0.895070 1.175488 0.575595 2.003675 0.995974 0.731730 1.068406 0.857270 1.254602 1.630324 2.340667 2.230313 0.987135 6.498405 1.671627 0.327443 0.181009 2.546874 0.005950 0.190885 1.178183 0.996359 1.015461 1.630539 0.356758 4.819658 9.005614 0.716511 0.034020 0.190354 0.138994 2.398138 1.004951 1.060337 0.299444 0.421490 5.584247 147.589296 1.341949 18.020622 1.788099 1.594089 1.107102 3.690083 8.031763 5.270596 1.000000 29.122162 26.276999 8.102867 4.261237 0.000000 75.132910 158.783676 1.282162 2278.645824 218101.193941 38484.550140 0.000000 2119.685228 1.631037 33.954715 0.000000 9776.928646 95123.928067 100324.112310 1635.802146 84522.053924 343713.733749 0.126635 11177569715718060091899904.000000 64.032609 386.302994 -33264.178570 0.128271
2.518500e+04 1288.018561 4348.500129 7036.924036 2443.536798 215751.072485 38453.317322 118757.066381 4426.852075 6952.168698 2703.670647 18.064789 330.436062 855.119593 24038.209562 33934.291715 125678.739898 1991905.546704 1597409.786147 545236.706878 1752632.048636 1119306.679042 249566.515936 186210.022289 644943.526013 158707.352434 20029.877946 20557.736447 23937.566302 300303.163724 149482.543345 464374.536341 38169.017680 95770.942594 107376.551033 1299884.662872 414927.464496 27168.404171 1546785.665846 709327.224808 10427.499364 439688.071917 99764.977665 130932.288572 92357.824144 338902.144482 2018340.943173 855104.425454 507182.283854 128829.478054 908539.959860 16687.923103 1477304.464487 114773.225406 835890.512903 221958.122172 952101.703151 1838.883805 36297.978929 38425.430026 1754426.812055 15011496.845723 378325959.066818 3150595.232571 5703681.956892 8348923.664271 20157324.845151 14005933.743721 22535034.853261 357912.161496 2017941.593021 96.501824 66003976.301292 117213727.974291 33860.482733 3490302.280137 0.000000 4797018.348166 10198324.112990 4353354148.037808 0.929834 0.642127 1.320740 0.564557 0.431493 0.191903 1.849435 0.766721 0.935079 0.367565 0.233140 1.181114 2.501993 3.907607 2.786748 6.472387 0.842131 2.012447 1.781580 0.974603 3.830806 1.068518 1.333586 1.508445 0.891829 1.162591 0.562976 1.999196 0.998514 0.733538 1.072641 0.853928 1.252667 1.639863 2.336912 2.238260 0.980639 6.610900 1.685187 0.349231 0.836673 2.532680 0.476218 0.208582 1.161690 0.998153 1.017709 1.610254 0.356167 4.870040 9.229995 0.708641 0.032412 0.185889 0.130404 2.435336 1.005098 1.061717 0.296353 0.427055 5.597901 150.041775 1.334256 18.405038 1.802666 1.594700 1.108047 3.705554 8.183467 5.336267 1.000000 29.130738 26.367959 8.408008 4.271120 0.000000 75.204110 159.881792 1.285191 2282.403898 215751.072485 38453.317322 0.000000 2118.545294 1.617068 33.963203 0.000000 10427.499364 439688.071917 99764.977665 130932.288572 92357.824144 338902.144482 0.126305 11038470940249480402829312.000000 64.032609 395.115008 -32846.351884 0.130837
2.555000e+04 1275.955940 4356.007812 7020.561389 2422.530599 213441.286091 38425.000326 119507.994677 4414.400749 6940.115419 2702.266505 17.912082 330.518764 857.302903 24286.824500 34233.155512 129139.192808 1980234.137956 1585663.388846 543323.378144 1750400.420015 1113890.856010 243365.213353 186406.754374 643944.802188 158138.293803 19801.401262 20086.044643 23875.420121 300961.705241 149730.410095 466212.833690 37979.782500 95604.432386 107992.868240 1296815.311042 416418.505472 26976.072404 1573076.683590 715098.879778 8985.510194 770834.099814 98825.544974 1620.555145 81286.289755 315985.268402 2022066.119597 856885.304700 501497.997801 128469.128911 917871.723148 17099.435343 1460181.725234 109350.243290 816304.445050 207943.285115 966909.518500 1839.156677 36346.436301 38086.312717 1778818.710222 15042971.139006 384542068.730072 3132184.504362 5821886.606439 8413311.009999 20159471.296416 14019303.956248 22632446.759854 364492.986723 1861460.919981 102.005912 66016476.156513 117562596.975847 35109.913340 3497808.327965 0.000000 4800291.015940 10263880.082658 4363552361.150619 0.921126 0.643236 1.317669 0.559704 0.426873 0.191762 1.861129 0.764565 0.933458 0.367374 0.231169 1.181409 2.508381 3.948021 2.811291 6.650599 0.837197 1.997649 1.775328 0.973362 3.812270 1.041967 1.334995 1.506109 0.888631 1.149330 0.550059 1.994006 1.000704 0.734754 1.076887 0.849694 1.250489 1.649276 2.331394 2.246303 0.973697 6.723267 1.698899 0.300937 1.466803 2.508831 0.005894 0.183578 1.083135 0.999995 1.019828 1.592207 0.355171 4.920061 9.457600 0.700427 0.030880 0.181534 0.122170 2.473212 1.005247 1.063134 0.293738 0.432992 5.609638 152.507046 1.326459 18.786469 1.816568 1.594870 1.109105 3.721572 8.333934 4.922468 1.000000 29.136254 26.446440 8.718258 4.280305 0.000000 75.255417 160.909530 1.288201 2286.379145 213441.286091 38425.000326 0.000000 2117.389262 1.603381 33.971333 0.000000 8985.510194 770834.099814 98825.544974 1620.555145 81286.289755 315985.268402 0.125938 10914717978779221107933184.000000 64.032609 403.995762 -32474.549778 0.133425
2.591500e+04 1263.448092 4363.883747 7005.133884 2401.816776 211172.757421 38410.366049 120258.072634 4402.544690 6928.578924 2700.889069 17.762700 330.602043 859.423595 24536.694720 35254.656551 132694.486850 1967532.716103 1572931.641023 541752.104310 1748006.188294 1108271.276644 237345.786657 186566.409583 642886.465081 157579.758054 19570.736590 19605.870552 23807.539126 301606.957528 149906.646350 468084.032814 37778.021486 95425.332311 108604.609199 1292375.825148 417943.575907 26777.770534 1599330.211538 720940.283751 7366.276173 558002.884191 98308.032969 129721.393613 65625.802534 283238.005504 2026137.065871 858723.319599 499454.579490 127999.552823 927144.191649 17516.998715 1444467.671080 104185.941001 797224.355839 194533.574941 981987.440113 1839.434150 36396.198538 37809.213804 1804793.008065 15072798.925808 390790229.017477 3114744.154437 5942264.460861 8482073.998898 20177304.198017 14035052.366923 22735880.317273 371003.522894 1833419.551058 108.456000 66054266.927824 117996057.381543 36352.181710 3506997.222889 0.000000 4803890.585709 10330720.972363 4373872203.309727 0.912097 0.644399 1.314773 0.554918 0.422336 0.191689 1.872810 0.762511 0.931906 0.367187 0.229242 1.181707 2.514586 3.988640 2.895179 6.833694 0.831827 1.981609 1.770194 0.972030 3.793037 1.016195 1.336139 1.503634 0.885493 1.135941 0.536909 1.988337 1.002850 0.735619 1.081209 0.845180 1.248147 1.658618 2.323413 2.254530 0.966539 6.835474 1.712777 0.246707 1.061811 2.495693 0.471814 0.148210 0.970884 1.002008 1.022016 1.585719 0.353873 4.969764 9.688552 0.692889 0.029422 0.177291 0.114292 2.511779 1.005398 1.064590 0.291601 0.439315 5.620761 154.985028 1.319073 19.174913 1.831415 1.596281 1.110351 3.738581 8.482793 4.848315 1.000000 29.152933 26.543949 9.026729 4.291549 0.000000 75.311848 161.957412 1.291248 2290.539657 211172.757421 38410.366049 0.000000 2116.243635 1.589981 33.979423 0.000000 7366.276173 558002.884191 98308.032969 129721.393613 65625.802534 283238.005504 0.125925 10870225429363306497310720.000000 64.032609 412.728032 -32340.554142 0.136083
2.628000e+04 1251.243074 4372.212263 6989.614711 2381.410764 208962.880044 38386.725641 121007.972855 4390.055337 6914.191918 2699.756966 17.618266 330.695921 861.501673 24787.869974 33923.304857 136357.520872 1956707.525102 1562356.548027 542744.634792 1746139.151974 1103311.031471 231664.733354 186695.769020 641875.697953 157034.356949 19359.887144 19155.435383 23751.876653 302350.180568 150197.249819 470059.988411 37626.882978 95277.552949 109229.384454 1288809.189456 419519.617579 26605.236451 1625625.583012 726857.220669 7833.709224 97488.157850 97853.090458 1603.097085 67413.977798 245635.764135 2030551.935221 860787.475780 501190.965897 127659.827537 936368.737288 17940.936874 1442393.378565 99270.354241 778647.969925 181742.291263 997339.939816 1839.716044 36447.077819 37594.090798 1832338.068536 15102731.687893 397054904.842454 3098558.928958 6060961.921505 8557632.898357 20217769.978459 14044851.899685 22828168.822095 377436.566541 1969592.662857 116.258307 66044748.203170 118234278.044177 37555.886613 3514533.166496 0.000000 4806547.461487 10389271.854416 4384056592.986805 0.903286 0.645629 1.311860 0.550204 0.417917 0.191571 1.884489 0.760348 0.929971 0.367033 0.227378 1.182042 2.520666 4.029470 2.785845 7.022339 0.827250 1.968286 1.773437 0.970992 3.776061 0.991872 1.337065 1.501270 0.882428 1.123703 0.524574 1.983688 1.005321 0.737045 1.085774 0.841799 1.246214 1.668160 2.317001 2.263031 0.960311 6.947859 1.726834 0.262362 0.185508 2.484144 0.005831 0.152248 0.841991 1.004192 1.024472 1.591232 0.352934 5.019210 9.923029 0.691894 0.028034 0.173160 0.106777 2.551048 1.005552 1.066078 0.289941 0.446020 5.631923 157.469561 1.312219 19.557934 1.847730 1.599482 1.111126 3.753756 8.629881 5.208413 1.000000 29.148732 26.597539 9.325625 4.300771 0.000000 75.353501 162.875330 1.294255 2294.912554 208962.880044 38386.725641 0.000000 2115.304467 1.577005 33.988353 0.000000 7833.709224 97488.157850 97853.090458 1603.097085 67413.977798 245635.764135 0.126274 10908020717726510943830016.000000 64.021739 419.991462 -32453.435176 0.138753
2.664500e+04 1238.998798 4381.078819 6974.717711 2361.375410 206805.651775 38365.013077 121754.543098 4378.545968 6902.405370 2698.706673 17.478272 330.790724 863.514817 25041.078942 33766.610567 140132.089133 1946915.155435 1552416.635281 544070.134634 1744515.774183 1098732.200524 226220.676481 186829.652332 640866.113218 156502.456097 19158.812160 18725.606041 23696.851990 303173.169282 150591.931126 472097.340196 37497.934761 95108.017718 109852.841186 1286264.348485 421155.961284 26439.892389 1651945.725703 732847.942757 9484.172824 288966.907837 97170.070371 128628.995307 82001.769876 206719.973328 2034507.658930 862806.031390 504295.180619 127442.905174 945552.075487 18371.333427 1429695.927469 94589.301733 760562.351717 169559.874173 1012971.836446 1840.002302 36499.177638 37441.267679 1861503.075733 15132447.485444 403347266.334255 3082123.785761 6181822.495983 8631809.759831 20234206.937644 14055490.141934 22918246.532397 383852.728043 2059196.501858 124.373542 66055825.108622 118598097.384401 38823.497201 3522661.630604 0.000000 4809056.389295 10448945.731706 4394393136.028051 0.894446 0.646938 1.309064 0.545575 0.413602 0.191462 1.896115 0.758355 0.928386 0.366890 0.225571 1.182381 2.526557 4.070631 2.772977 7.216727 0.823110 1.955764 1.777768 0.970090 3.760390 0.968563 1.338024 1.498909 0.879439 1.112032 0.512803 1.979092 1.008057 0.738981 1.090480 0.838914 1.243996 1.677681 2.312426 2.271858 0.954343 7.060350 1.741066 0.317638 0.549869 2.466804 0.467841 0.185194 0.708595 1.006148 1.026875 1.601088 0.352334 5.068436 10.161079 0.685804 0.026712 0.169138 0.099619 2.591032 1.005709 1.067602 0.288763 0.453119 5.643005 159.965073 1.305259 19.947936 1.863746 1.600782 1.111967 3.768568 8.776583 5.445362 1.000000 29.153621 26.679382 9.640390 4.310718 0.000000 75.392834 163.810853 1.297306 2299.542239 206805.651775 38365.013077 0.000000 2114.442456 1.564449 33.997582 0.000000 9484.172824 288966.907837 97170.070371 128628.995307 82001.769876 206719.973328 0.126718 10975601363902938279313408.000000 64.032609 428.277277 -32655.631008 0.141495
2.701000e+04 1227.090578 4390.272417 6960.405955 2341.677465 204687.680491 38344.109563 122496.521590 4367.779039 6891.039807 2697.652526 17.341217 330.881253 865.464837 25295.866868 33684.438754 144017.267099 1936346.984192 1541628.933307 542716.712526 1742725.352207 1094093.878575 220960.786810 186955.038215 639830.817893 155985.897061 18955.248105 18294.753820 23636.992543 303992.551117 150915.718168 474169.178202 37339.956790 94919.661712 110469.601991 1283131.551464 422854.555729 26267.436480 1678228.492803 738915.867283 9887.505886 686863.461673 96707.845830 1587.566754 87546.168460 170644.816967 2038167.796311 864674.323579 506838.078214 127109.317834 954698.934869 18808.165175 1414332.460736 90133.018517 742948.632044 157966.728050 1028888.040509 1840.294761 36552.769188 37351.739103 1892359.926677 15163687.192842 409661931.394128 3065125.189576 6301659.812468 8701349.561668 20235265.760530 14066671.473578 23009733.895770 390200.734332 1942339.082042 131.795123 66054274.863532 118929152.070142 40433.488897 3529707.939415 0.000000 4810623.564194 10504799.406439 4404695143.754889 0.885850 0.648296 1.306378 0.541024 0.409366 0.191358 1.907670 0.756490 0.926857 0.366747 0.223802 1.182705 2.532262 4.112049 2.766229 7.416812 0.818642 1.942173 1.773346 0.969094 3.744515 0.946043 1.338922 1.496487 0.876536 1.100216 0.501004 1.974093 1.010782 0.740570 1.095265 0.835380 1.241533 1.687101 2.306794 2.281021 0.948119 7.172682 1.755482 0.331146 1.307017 2.455070 0.005774 0.197715 0.584937 1.007958 1.029098 1.609161 0.351412 5.117465 10.402688 0.678434 0.025453 0.165221 0.092808 2.631744 1.005869 1.069170 0.288072 0.460630 5.654654 162.469431 1.298060 20.334635 1.878760 1.600866 1.112852 3.783612 8.921727 5.136343 1.000000 29.152937 26.753855 10.040172 4.319341 0.000000 75.417403 164.686486 1.300347 2304.342291 204687.680491 38344.109563 0.000000 2113.570249 1.552167 34.006497 0.000000 9887.505886 686863.461673 96707.845830 1587.566754 87546.168460 170644.816967 0.126985 11030965586035402675847168.000000 64.032609 436.792178 -32821.138847 0.144261
2.737500e+04 1215.527201 4399.776603 6947.117143 2322.212265 202601.524940 38336.856318 123235.736388 4357.829798 6880.767016 2696.542494 17.206476 330.967512 867.355035 25552.135817 34999.462397 148005.432421 1924241.527122 1529250.278507 540480.723404 1740692.700127 1089057.062823 215859.370593 187067.692900 638716.554438 155485.164262 18744.984074 17850.940961 23568.476999 304736.262567 151124.887704 476256.194102 37150.212630 94705.732007 111077.249026 1278540.358155 424617.672185 26081.898819 1704433.576386 745059.535496 8376.369259 673046.137979 95847.997146 127524.817882 75624.952736 138130.158204 2042022.630455 866486.170459 509848.586279 126616.919514 963814.591669 19251.464327 1395981.809088 85888.579171 725788.238723 146948.502747 1045093.634604 1840.594035 36608.004765 37326.300600 1924983.170164 15194684.582822 416007984.518114 3048469.804049 6423832.401139 8771805.373385 20240103.545460 14081643.020538 23111682.425422 396450.241214 1853060.910224 139.781039 66076283.088353 119393709.994104 41950.291569 3538580.812451 0.000000 4812731.935030 10563116.301541 4415159645.089781 0.877502 0.649699 1.303884 0.536526 0.405194 0.191322 1.919182 0.754767 0.925476 0.366596 0.222063 1.183013 2.537793 4.153708 2.874222 7.622200 0.813524 1.926578 1.766040 0.967964 3.727277 0.924201 1.339729 1.493881 0.873723 1.088012 0.488850 1.968371 1.013255 0.741597 1.100086 0.831135 1.238734 1.696381 2.298540 2.290532 0.941422 7.284681 1.770078 0.280536 1.280724 2.433242 0.463825 0.170792 0.473483 1.009864 1.031255 1.618719 0.350051 5.166328 10.647874 0.669631 0.024255 0.161404 0.086335 2.673195 1.006032 1.070785 0.287876 0.468571 5.666213 164.986237 1.291007 20.728870 1.893973 1.601249 1.114036 3.800376 9.064619 4.900255 1.000000 29.162650 26.858360 10.416815 4.330199 0.000000 75.450456 165.600735 1.303437 2309.308681 202601.524940 38336.856318 0.000000 2112.638618 1.540091 34.014972 0.000000 8376.369259 673046.137979 95847.997146 127524.817882 75624.952736 138130.158204 0.127299 11096508070967728614146048.000000 64.032609 445.596768 -33017.171876 0.147105
2.774000e+04 1204.309190 4409.605664 6933.856164 2302.979067 200564.177031 38323.851298 123973.980454 4347.192254 6867.370455 2695.620275 17.075469 331.062523 869.208415 25809.564071 34080.635057 152107.860966 1913294.444531 1518322.836245 540588.323619 1739106.381141 1084429.529528 211066.268132 187163.030580 637626.526204 155002.508173 18549.146535 17426.641477 23509.877356 305537.789892 151387.551004 478432.631600 36994.465323 94520.400676 111695.487589 1274467.061142 426451.303151 25916.253292 1730641.973912 751281.665584 6993.948047 239206.758158 95311.937074 1570.688357 62060.087129 111059.037338 2046507.026172 868499.002192 514060.698417 126194.973088 972909.026055 19701.599172 1392420.609742 81847.408438 709060.476305 136508.361930 1061593.424800 1840.899151 36664.643901 37364.979534 1959384.756551 15225602.037894 422370789.286543 3033052.102514 6544296.746207 8849105.311807 20273903.684275 14091674.662176 23206776.199604 402583.956450 1936408.833596 149.487683 66056220.427245 119661886.646911 43282.568652 3546168.314688 0.000000 4814686.219099 10614437.739213 4425515798.545035 0.869404 0.651151 1.301395 0.532083 0.401120 0.191257 1.930679 0.752925 0.923674 0.366471 0.220372 1.183353 2.543216 4.195555 2.798766 7.833473 0.808896 1.912812 1.766391 0.967081 3.711439 0.903679 1.340412 1.491332 0.871010 1.076645 0.477231 1.963477 1.015920 0.742886 1.105113 0.827650 1.236310 1.705822 2.291217 2.300423 0.935443 7.396695 1.784860 0.234237 0.455181 2.419633 0.005713 0.140157 0.380689 1.012082 1.033650 1.632092 0.348884 5.215077 10.896841 0.667923 0.023114 0.157684 0.080201 2.715399 1.006199 1.072442 0.288174 0.476945 5.677743 167.509687 1.284477 21.117593 1.910663 1.603923 1.114830 3.816012 9.204863 5.120661 1.000000 29.153795 26.918688 10.747637 4.339484 0.000000 75.481094 166.405314 1.306494 2314.444106 200564.177031 38323.851298 0.000000 2111.860793 1.528325 34.024036 0.000000 6993.948047 239206.758158 95311.937074 1570.688357 62060.087129 111059.037338 0.127776 11188206182965836137889792.000000 64.032609 452.644276 -33291.675446 0.149965
2.810500e+04 1193.415370 4419.873471 6921.047000 2284.070011 198577.662199 38309.801928 124709.146003 4337.120413 6855.601574 2694.820081 16.948519 331.162277 871.015811 26069.105040 33753.172448 156329.599762 1903933.339124 1508674.431450 542301.040241 1737996.418241 1080331.041049 206538.828180 187258.690576 636562.117826 154537.046881 18367.052912 17027.183191 23456.839517 306432.487654 151781.698114 480681.244096 36876.659915 94327.852009 112317.501257 1271844.687947 428358.805785 25765.791853 1756880.002825 757572.643945 7647.884439 122177.487669 94994.860522 126362.047748 65772.567922 143233.966516 2050749.350776 870537.611487 518244.178787 125854.633787 981989.486515 20158.796273 1383995.647270 77997.897288 692749.542535 126637.676106 1078392.505209 1841.208965 36722.651044 37467.981986 1995596.082114 15254548.553713 428757054.939174 3017871.646452 6666750.408798 8924743.874664 20297112.450908 14101002.074854 23297047.529086 408659.379320 2080007.891791 160.361199 66053379.595746 120006720.747204 44398.568535 3554186.775986 0.000000 4816917.555130 10666227.937932 4436021842.449916 0.861539 0.652667 1.298991 0.527714 0.397147 0.191187 1.942128 0.751180 0.922091 0.366362 0.218734 1.183709 2.548504 4.237745 2.771874 8.050890 0.804939 1.900656 1.771988 0.966464 3.697412 0.884295 1.341097 1.488842 0.868395 1.066076 0.466292 1.959047 1.018894 0.744820 1.110307 0.825015 1.233792 1.715322 2.286502 2.310713 0.930012 7.508835 1.799806 0.256138 0.232489 2.411583 0.459596 0.148541 0.490978 1.014180 1.036077 1.645375 0.347943 5.263751 11.149715 0.663882 0.022026 0.154057 0.074402 2.758369 1.006368 1.074139 0.288969 0.485759 5.688537 170.042441 1.278049 21.512735 1.926995 1.605759 1.115568 3.830856 9.343774 5.500396 1.000000 29.152542 26.996261 11.024754 4.349296 0.000000 75.516075 167.217243 1.309596 2319.805967 198577.662199 38309.801928 0.000000 2111.195302 1.516933 34.033664 0.000000 7647.884439 122177.487669 94994.860522 126362.047748 65772.567922 143233.966516 0.128277 11279283867505070383824896.000000 64.032609 460.124237 -33564.280057 0.152899
2.847000e+04 1182.844517 4430.623310 6908.660940 2265.496938 196633.106510 38292.022667 125439.349055 4327.701984 6844.269264 2694.078584 16.824772 331.260452 872.773212 26330.405959 32916.593620 160652.706461 1895073.368642 1499317.605336 542850.883131 1736842.358581 1076523.941188 202203.013355 187246.765384 635500.351798 154051.019561 18190.803165 16641.046436 23405.266607 307379.605774 152201.517682 482958.769920 36761.008759 94127.103796 112928.644616 1269912.927866 430337.270089 25620.535503 1783116.448193 763930.083582 9182.932476 488016.914786 94382.546796 1555.525651 79481.765990 279666.654870 2054367.808511 872427.336037 520770.096743 125288.945674 991060.446129 20623.139185 1373862.421698 74332.162977 676842.837782 117317.086064 1095495.907670 1841.522124 36781.979875 37635.402322 2033649.968022 15267848.906307 435182755.519981 3005865.370938 6787929.912273 8989273.647284 20304505.802151 14109106.715784 23382353.805013 414666.343972 2074422.994772 170.887217 66035863.622024 120278904.813941 45246.337467 3560823.604726 0.000000 4815182.711087 10707347.665029 4446499912.200455 0.853908 0.654254 1.296666 0.523423 0.393258 0.191098 1.953500 0.749549 0.920567 0.366261 0.217137 1.184060 2.553646 4.280222 2.703172 8.273528 0.801193 1.888869 1.773784 0.965822 3.684383 0.865731 1.341011 1.486359 0.865664 1.055846 0.455717 1.954740 1.022044 0.746880 1.115568 0.822427 1.231166 1.724655 2.283029 2.321385 0.924769 7.620969 1.814910 0.307549 0.928636 2.396039 0.005658 0.179502 0.958642 1.015970 1.038326 1.653394 0.346379 5.312374 11.406540 0.659021 0.020991 0.150520 0.068926 2.802117 1.006540 1.075874 0.290260 0.495022 5.693497 172.590835 1.272964 21.903765 1.940928 1.606344 1.116209 3.844884 9.481120 5.485627 1.000000 29.144811 27.057490 11.235266 4.357417 0.000000 75.488878 167.861888 1.312689 2325.421134 196633.106510 38292.022667 0.000000 2110.580983 1.505840 34.043277 0.000000 9182.932476 488016.914786 94382.546796 1555.525651 79481.765990 279666.654870 0.128541 11334272222430786861662208.000000 64.032609 467.701148 -33728.577087 0.155857
2.883500e+04 1172.577305 4441.806928 6897.321820 2247.178135 194713.662295 38284.997921 126164.287464 4319.622832 6835.518367 2693.199955 16.702506 331.348238 874.466853 26593.413473 34445.140173 165082.402155 1884310.058578 1487893.241842 540645.201354 1735244.953751 1072240.396753 197896.050192 187174.867034 634377.770639 153574.950461 18003.843116 16236.407861 23341.548768 308198.867868 152487.624812 485240.048462 36594.979922 93883.670166 113534.710399 1266850.092512 432380.312730 25455.630350 1809257.322790 770326.981047 9350.489901 750545.553835 93605.722584 125453.874128 82829.326275 342280.259660 2057566.058383 874093.067919 520432.972056 124506.773436 1000124.178167 21094.538460 1352732.854386 70838.707397 661280.218690 108520.439662 1112908.870056 1841.837204 36842.712499 37867.827668 2073605.772290 15282874.621970 441642426.922506 2994148.856258 6911659.464097 9050927.487191 20293933.816968 14122888.173684 23477835.610731 420553.566149 1918392.630688 180.832486 66063887.297276 120720980.434626 45882.758096 3568938.399788 0.000000 4813298.847983 10749678.113051 4457149532.174852 0.846496 0.655906 1.294538 0.519190 0.389419 0.191063 1.964789 0.748150 0.919390 0.366142 0.215559 1.184374 2.558601 4.322976 2.828700 8.501655 0.796642 1.874476 1.766577 0.964934 3.669722 0.847291 1.340496 1.483733 0.862988 1.044994 0.444636 1.949418 1.024768 0.748284 1.120837 0.818713 1.227982 1.733911 2.277523 2.332406 0.918817 7.732694 1.830107 0.313161 1.428196 2.376318 0.456293 0.187063 1.173269 1.017551 1.040308 1.652324 0.344217 5.360958 11.667268 0.648885 0.020005 0.147059 0.063758 2.846657 1.006712 1.077650 0.292053 0.504748 5.699100 175.152701 1.268002 22.303025 1.954240 1.605507 1.117300 3.860584 9.615728 5.073019 1.000000 29.157179 27.156938 11.393298 4.367348 0.000000 75.459344 168.525513 1.315833 2331.265161 194713.662295 38284.997921 0.000000 2109.841848 1.494895 34.052050 0.000000 9350.489901 750545.553835 93605.722584 125453.874128 82829.326275 342280.259660 0.128496 11326925958812470945513472.000000 64.032609 476.528704 -33705.824723 0.158902
2.919950e+04 1162.619226 4453.280542 6886.313666 2229.055958 192829.465415 38279.034433 126886.540447 4311.284344 6823.998374 2692.398312 16.582656 331.438685 876.128887 26857.335453 34199.751535 169627.555654 1873525.915145 1476742.238256 539372.675379 1733571.364689 1067960.541662 193793.956229 187056.361782 633287.809086 153111.758614 17821.574436 15833.415691 23281.831349 309025.603675 152731.474628 487592.061428 36432.554711 93658.910768 114148.131691 1263449.237694 434481.392260 25298.170553 1835351.031447 776727.326098 7814.143660 487128.470388 93154.300965 1540.296337 70513.924607 385090.032311 2061399.878052 875875.449816 515977.976369 123647.494630 1009187.891981 21573.292651 1345547.832888 67508.655378 645952.872799 100238.902921 1130636.486442 1842.153186 36904.612212 38165.653224 2115486.184608 15300064.274072 448119774.618432 2983254.498260 7033801.951282 9119482.548431 20315912.133328 14133864.318743 23570557.924825 426305.213415 1913311.997057 192.619577 66060478.922872 121006673.440081 46361.022686 3576247.578516 0.000000 4811399.979658 10785689.022897 4467678508.497988 0.839307 0.657600 1.292472 0.515003 0.385651 0.191033 1.976037 0.746705 0.917840 0.366033 0.214012 1.184697 2.563464 4.365879 2.808548 8.735728 0.792083 1.860428 1.762419 0.964004 3.655074 0.829728 1.339648 1.481184 0.860386 1.034415 0.433600 1.944431 1.027517 0.749481 1.126270 0.815079 1.225042 1.743279 2.271409 2.343740 0.913133 7.844217 1.845313 0.261706 0.926946 2.364858 0.005602 0.159249 1.320013 1.019447 1.042429 1.638180 0.341841 5.409542 11.932064 0.645439 0.019064 0.143650 0.058892 2.892001 1.006885 1.079461 0.294350 0.514943 5.705510 177.721578 1.263388 22.697162 1.969042 1.607246 1.118168 3.875831 9.747236 5.059584 1.000000 29.155675 27.221206 11.512058 4.376292 0.000000 75.429575 169.090065 1.318941 2337.275046 192829.465415 38279.034433 0.000000 2109.155052 1.484139 34.060800 0.000000 7814.143660 487128.470388 93154.300965 1540.296337 70513.924607 385090.032311 0.128157 11229931088082119958724608.000000 64.032609 483.563368 -33414.063853 0.161969
